id,diabetes,adultObesity
01001,0.109,0.309
01003,0.109,0.267
01005,0.153,0.408
01007,0.125,0.401
01009,0.117,0.324
01011,0.173,0.445
01013,0.162,0.36
01015,0.126,0.32
01017,0.153,0.398
01019,0.125,0.327
01021,0.118,0.371
01023,0.157,0.387
01025,0.155,0.361
01027,0.135,0.377
01029,0.11,0.3
01031,0.123,0.302
01033,0.134,0.366
01035,0.185,0.372
01037,0.156,0.388
01039,0.129,0.316
01041,0.138,0.366
01043,0.115,0.347
01045,0.12,0.362
01047,0.19,0.424
01049,0.115,0.306
01051,0.105,0.303
01053,0.154,0.394
01055,0.13,0.347
01057,0.134,0.324
01059,0.123,0.342
01061,0.131,0.347
01063,0.227,0.459
01065,0.174,0.359
01067,0.14,0.352
01069,0.129,0.336
01071,0.125,0.306
01073,0.125,0.337
01075,0.134,0.325
01077,0.116,0.316
01079,0.124,0.363
01081,0.096,0.295
01083,0.108,0.335
01085,0.192,0.464
01087,0.182,0.424
01089,0.106,0.312
01091,0.176,0.413
01093,0.13,0.349
01095,0.115,0.35
01097,0.136,0.361
01099,0.164,0.372
01101,0.135,0.336
01103,0.114,0.322
01105,0.198,0.378
01107,0.155,0.374
01109,0.119,0.341
01111,0.136,0.332
01113,0.129,0.348
01115,0.107,0.331
01117,0.091,0.313
01119,0.193,0.396
01121,0.145,0.376
01123,0.143,0.365
01125,0.105,0.327
01127,0.13,0.329
01129,0.138,0.36
01131,0.205,0.444
01133,0.128,0.287
02013,0.1,0.311
02016,0.087,0.362
02020,0.071,0.27
02050,0.125,0.316
02060,0.094,0.341
02068,0.074,0.247
02070,0.123,0.353
02090,0.058,0.286
02100,0.097,0.265
02110,0.071,0.27
02122,0.08,0.28
02130,0.086,0.293
02150,0.077,0.293
02164,0.121,0.324
02170,0.074,0.289
02180,0.125,0.333
02185,0.089,0.353
02188,0.118,0.325
02201,0.114,0.353
02220,0.082,0.27
02232,0.107,0.312
02240,0.088,0.33
02261,0.083,0.304
02270,0.139,0.344
02280,0.093,0.296
02282,0.102,0.321
02290,0.149,0.265
04001,0.166,0.328
04003,0.11,0.247
04005,0.088,0.215
04007,0.124,0.268
04009,0.105,0.318
04011,0.103,0.334
04012,0.148,0.315
04013,0.089,0.222
04015,0.122,0.281
04017,0.138,0.309
04019,0.094,0.217
04021,0.106,0.299
04023,0.141,0.212
04025,0.104,0.247
04027,0.124,0.304
05001,0.13,0.34
05003,0.143,0.398
05005,0.141,0.29
05007,0.094,0.284
05009,0.115,0.292
05011,0.159,0.371
05013,0.138,0.35
05015,0.129,0.362
05017,0.182,0.392
05019,0.112,0.318
05021,0.124,0.327
05023,0.127,0.312
05025,0.117,0.367
05027,0.132,0.381
05029,0.127,0.391
05031,0.101,0.364
05033,0.111,0.361
05035,0.139,0.384
05037,0.134,0.377
05039,0.156,0.362
05041,0.169,0.388
05043,0.135,0.308
05045,0.09,0.289
05047,0.119,0.368
05049,0.136,0.32
05051,0.127,0.31
05053,0.101,0.366
05055,0.104,0.341
05057,0.149,0.412
05059,0.112,0.325
05061,0.144,0.373
05063,0.116,0.34
05065,0.138,0.33
05067,0.127,0.401
05069,0.158,0.39
05071,0.12,0.347
05073,0.16,0.34
05075,0.122,0.333
05077,0.167,0.352
05079,0.125,0.357
05081,0.131,0.331
05083,0.121,0.353
05085,0.095,0.339
05087,0.125,0.329
05089,0.143,0.308
05091,0.122,0.335
05093,0.142,0.377
05095,0.175,0.371
05097,0.141,0.331
05099,0.169,0.343
05101,0.139,0.367
05103,0.156,0.378
05105,0.111,0.361
05107,0.18,0.415
05109,0.124,0.373
05111,0.126,0.404
05113,0.134,0.32
05115,0.101,0.328
05117,0.138,0.353
05119,0.122,0.315
05121,0.119,0.353
05123,0.164,0.404
05125,0.102,0.315
05127,0.126,0.313
05129,0.139,0.318
05131,0.114,0.352
05133,0.133,0.398
05135,0.143,0.334
05137,0.143,0.351
05139,0.134,0.355
05141,0.141,0.35
05143,0.093,0.292
05145,0.102,0.354
05147,0.162,0.361
05149,0.121,0.352
06001,0.091,0.2
06003,0.121,0.237
06005,0.104,0.266
06007,0.095,0.252
06009,0.105,0.253
06011,0.112,0.237
06013,0.091,0.229
06015,0.105,0.272
06017,0.089,0.194
06019,0.113,0.288
06021,0.109,0.283
06023,0.091,0.245
06025,0.134,0.25
06027,0.108,0.229
06029,0.104,0.285
06031,0.102,0.249
06033,0.119,0.266
06035,0.082,0.249
06037,0.108,0.21
06039,0.112,0.267
06041,0.089,0.181
06043,0.11,0.234
06045,0.111,0.232
06047,0.109,0.293
06049,0.12,0.246
06051,0.084,0.222
06053,0.102,0.237
06055,0.094,0.243
06057,0.098,0.2
06059,0.088,0.198
06061,0.084,0.227
06063,0.116,0.24
06065,0.102,0.255
06067,0.097,0.266
06069,0.1,0.239
06071,0.103,0.287
06073,0.093,0.202
06075,0.084,0.148
06077,0.1,0.294
06079,0.087,0.218
06081,0.088,0.201
06083,0.091,0.19
06085,0.083,0.195
06087,0.087,0.206
06089,0.098,0.272
06091,0.115,0.238
06093,0.119,0.229
06095,0.098,0.295
06097,0.093,0.216
06099,0.102,0.324
06101,0.1,0.28
06103,0.107,0.288
06105,0.122,0.265
06107,0.114,0.295
06109,0.103,0.206
06111,0.09,0.206
06113,0.083,0.202
06115,0.092,0.259
08001,0.076,0.258
08003,0.089,0.228
08005,0.07,0.21
08007,0.091,0.162
08009,0.092,0.206
08011,0.092,0.244
08013,0.054,0.133
08014,0.057,0.182
08015,0.078,0.191
08017,0.073,0.245
08019,0.071,0.169
08021,0.117,0.215
08023,0.142,0.214
08025,0.092,0.226
08027,0.106,0.207
08029,0.091,0.215
08031,0.068,0.17
08033,0.095,0.211
08035,0.054,0.169
08037,0.055,0.107
08039,0.064,0.189
08041,0.065,0.214
08043,0.086,0.23
08045,0.065,0.177
08047,0.072,0.188
08049,0.068,0.174
08051,0.057,0.16
08053,0.082,0.21
08055,0.123,0.208
08057,0.084,0.209
08059,0.061,0.186
08061,0.089,0.21
08063,0.083,0.265
08065,0.074,0.189
08067,0.065,0.168
08069,0.059,0.189
08071,0.108,0.214
08073,0.078,0.258
08075,0.076,0.245
08077,0.073,0.23
08079,0.087,0.19
08081,0.072,0.262
08083,0.087,0.22
08085,0.094,0.201
08087,0.08,0.278
08089,0.107,0.271
08091,0.083,0.172
08093,0.075,0.199
08095,0.089,0.229
08097,0.062,0.137
08099,0.099,0.268
08101,0.098,0.263
08103,0.067,0.227
08105,0.104,0.23
08107,0.057,0.141
08109,0.123,0.209
08111,0.091,0.2
08113,0.062,0.164
08115,0.09,0.229
08117,0.056,0.125
08119,0.077,0.179
08121,0.079,0.24
08123,0.068,0.255
08125,0.074,0.277
09001,0.083,0.208
09003,0.094,0.265
09005,0.079,0.229
09007,0.082,0.236
09009,0.088,0.263
09011,0.084,0.267
09013,0.067,0.24
09015,0.084,0.289
10001,0.117,0.332
10003,0.097,0.268
10005,0.127,0.312
11001,0.083,0.221
12001,0.084,0.253
12003,0.092,0.371
12005,0.093,0.302
12007,0.106,0.372
12009,0.108,0.265
12011,0.111,0.236
12013,0.116,0.407
12015,0.124,0.262
12017,0.132,0.271
12019,0.09,0.285
12021,0.118,0.188
12023,0.108,0.374
12027,0.133,0.355
12029,0.117,0.326
12031,0.102,0.295
12033,0.102,0.305
12035,0.125,0.246
12037,0.107,0.311
12039,0.148,0.381
12041,0.103,0.315
12043,0.13,0.342
12045,0.106,0.325
12047,0.121,0.326
12049,0.126,0.344
12051,0.13,0.349
12053,0.119,0.317
12055,0.139,0.326
12057,0.104,0.277
12059,0.11,0.32
12061,0.119,0.242
12063,0.116,0.356
12065,0.129,0.336
12067,0.099,0.368
12069,0.119,0.3
12071,0.114,0.255
12073,0.085,0.281
12075,0.124,0.321
12077,0.097,0.391
12079,0.13,0.34
12081,0.113,0.241
12083,0.122,0.29
12085,0.111,0.194
12086,0.132,0.195
12087,0.105,0.214
12089,0.098,0.281
12091,0.086,0.253
12093,0.124,0.309
12095,0.097,0.236
12097,0.119,0.292
12099,0.112,0.229
12101,0.111,0.303
12103,0.108,0.245
12105,0.119,0.312
12107,0.129,0.352
12109,0.088,0.229
12111,0.122,0.288
12113,0.086,0.259
12115,0.111,0.211
12117,0.094,0.245
12119,0.139,0.284
12121,0.116,0.331
12123,0.109,0.387
12125,0.106,0.391
12127,0.122,0.275
12129,0.087,0.363
12131,0.103,0.272
12133,0.108,0.388
13001,0.13,0.352
13003,0.14,0.357
13005,0.117,0.314
13007,0.161,0.323
13009,0.133,0.339
13011,0.109,0.268
13013,0.096,0.353
13015,0.104,0.343
13017,0.152,0.361
13019,0.129,0.34
13021,0.144,0.306
13023,0.116,0.3
13025,0.112,0.346
13027,0.148,0.354
13029,0.093,0.283
13031,0.1,0.346
13033,0.154,0.323
13035,0.113,0.313
13037,0.176,0.347
13039,0.095,0.315
13043,0.149,0.322
13045,0.104,0.298
13047,0.098,0.265
13049,0.112,0.307
13051,0.114,0.288
13053,0.051,0.28
13055,0.121,0.356
13057,0.089,0.255
13059,0.098,0.251
13061,0.228,0.311
13063,0.14,0.395
13065,0.137,0.303
13067,0.093,0.224
13069,0.125,0.323
13071,0.138,0.368
13073,0.092,0.29
13075,0.133,0.287
13077,0.1,0.27
13079,0.13,0.284
13081,0.152,0.301
13083,0.099,0.322
13085,0.104,0.288
13087,0.149,0.309
13089,0.118,0.265
13091,0.13,0.312
13093,0.166,0.341
13095,0.156,0.37
13097,0.118,0.339
13099,0.159,0.306
13101,0.116,0.292
13103,0.096,0.337
13105,0.136,0.324
13107,0.143,0.336
13109,0.135,0.353
13111,0.138,0.261
13113,0.113,0.292
13115,0.116,0.285
13117,0.086,0.261
13119,0.119,0.266
13121,0.108,0.224
13123,0.128,0.265
13125,0.114,0.305
13127,0.125,0.277
13129,0.108,0.293
13131,0.15,0.311
13133,0.168,0.302
13135,0.097,0.274
13137,0.111,0.315
13139,0.109,0.257
13141,0.198,0.36
13143,0.108,0.286
13145,0.106,0.297
13147,0.135,0.295
13149,0.12,0.308
13151,0.113,0.297
13153,0.11,0.323
13155,0.136,0.298
13157,0.1,0.286
13159,0.135,0.306
13161,0.124,0.304
13163,0.178,0.384
13165,0.149,0.323
13167,0.13,0.344
13169,0.114,0.327
13171,0.119,0.33
13173,0.119,0.32
13175,0.145,0.354
13177,0.097,0.322
13179,0.101,0.338
13181,0.151,0.332
13183,0.099,0.297
13185,0.113,0.283
13187,0.099,0.301
13189,0.143,0.35
13191,0.146,0.312
13193,0.163,0.346
13195,0.116,0.324
13197,0.147,0.328
13199,0.15,0.352
13201,0.142,0.312
13205,0.158,0.308
13207,0.125,0.319
13209,0.13,0.373
13211,0.125,0.283
13213,0.11,0.289
13215,0.128,0.321
13217,0.117,0.337
13219,0.09,0.309
13221,0.117,0.298
13223,0.09,0.284
13225,0.129,0.348
13227,0.112,0.25
13229,0.115,0.296
13231,0.105,0.284
13233,0.114,0.291
13235,0.132,0.318
13237,0.135,0.324
13239,0.205,0.326
13241,0.133,0.321
13243,0.187,0.358
13245,0.144,0.351
13247,0.131,0.346
13249,0.128,0.291
13251,0.15,0.357
13253,0.148,0.295
13255,0.135,0.345
13257,0.124,0.281
13259,0.167,0.343
13261,0.151,0.34
13263,0.177,0.343
13265,0.214,0.341
13267,0.125,0.353
13269,0.155,0.305
13271,0.153,0.316
13273,0.176,0.345
13275,0.144,0.326
13277,0.129,0.348
13279,0.134,0.329
13281,0.125,0.264
13283,0.127,0.334
13285,0.121,0.294
13287,0.152,0.343
13289,0.177,0.307
13291,0.135,0.27
13293,0.138,0.341
13295,0.111,0.331
13297,0.104,0.306
13299,0.133,0.355
13301,0.18,0.343
13303,0.155,0.345
13305,0.122,0.323
13307,0.165,0.32
13309,0.128,0.338
13311,0.117,0.281
13313,0.119,0.297
13315,0.14,0.323
13317,0.167,0.325
13319,0.152,0.336
13321,0.134,0.374
15001,0.1,0.235
15003,0.091,0.219
15005,0.156,0.238
15007,0.093,0.207
15009,0.089,0.224
16001,0.069,0.245
16003,0.116,0.294
16005,0.083,0.282
16007,0.09,0.292
16009,0.104,0.286
16011,0.089,0.35
16013,0.083,0.192
16015,0.106,0.236
16017,0.095,0.256
16019,0.076,0.307
16021,0.102,0.273
16023,0.098,0.286
16025,0.115,0.264
16027,0.088,0.32
16029,0.083,0.277
16031,0.089,0.308
16033,0.128,0.328
16035,0.099,0.292
16037,0.103,0.273
16039,0.077,0.296
16041,0.081,0.283
16043,0.087,0.269
16045,0.101,0.27
16047,0.103,0.318
16049,0.1,0.274
16051,0.076,0.304
16053,0.087,0.316
16055,0.083,0.247
16057,0.061,0.266
16059,0.113,0.238
16061,0.11,0.285
16063,0.096,0.319
16065,0.054,0.252
16067,0.099,0.347
16069,0.09,0.324
16071,0.094,0.359
16073,0.112,0.321
16075,0.092,0.323
16077,0.105,0.314
16079,0.102,0.309
16081,0.069,0.266
16083,0.083,0.267
16085,0.09,0.244
16087,0.114,0.315
17001,0.096,0.347
17003,0.159,0.324
17005,0.096,0.305
17007,0.095,0.341
17009,0.08,0.315
17011,0.102,0.299
17013,0.101,0.304
17015,0.107,0.316
17017,0.098,0.288
17019,0.08,0.266
17021,0.097,0.334
17023,0.096,0.331
17025,0.103,0.315
17027,0.085,0.278
17029,0.091,0.277
17031,0.103,0.249
17033,0.095,0.339
17035,0.097,0.296
17037,0.077,0.274
17039,0.093,0.32
17041,0.093,0.308
17043,0.082,0.239
17045,0.106,0.326
17047,0.101,0.318
17049,0.087,0.293
17051,0.096,0.371
17053,0.097,0.296
17055,0.107,0.305
17057,0.099,0.324
17059,0.112,0.31
17061,0.101,0.297
17063,0.082,0.314
17065,0.106,0.293
17067,0.107,0.291
17069,0.125,0.327
17071,0.103,0.324
17073,0.096,0.307
17075,0.105,0.326
17077,0.094,0.312
17079,0.091,0.31
17081,0.103,0.333
17083,0.087,0.317
17085,0.105,0.291
17087,0.103,0.306
17089,0.093,0.257
17091,0.1,0.338
17093,0.075,0.354
17095,0.108,0.252
17097,0.086,0.291
17099,0.097,0.285
17101,0.097,0.32
17103,0.096,0.329
17105,0.092,0.314
17107,0.091,0.309
17109,0.084,0.291
17111,0.085,0.279
17113,0.074,0.29
17115,0.108,0.306
17117,0.095,0.331
17119,0.093,0.329
17121,0.105,0.359
17123,0.101,0.323
17125,0.104,0.331
17127,0.111,0.343
17129,0.093,0.309
17131,0.096,0.307
17133,0.08,0.329
17135,0.099,0.29
17137,0.098,0.312
17139,0.1,0.307
17141,0.094,0.286
17143,0.099,0.286
17145,0.097,0.304
17147,0.088,0.304
17149,0.104,0.322
17151,0.106,0.308
17153,0.143,0.321
17155,0.097,0.314
17157,0.097,0.303
17159,0.102,0.307
17161,0.104,0.308
17163,0.115,0.322
17165,0.11,0.321
17167,0.096,0.299
17169,0.101,0.307
17171,0.098,0.314
17173,0.101,0.324
17175,0.103,0.32
17177,0.115,0.288
17179,0.087,0.29
17181,0.107,0.313
17183,0.108,0.373
17185,0.099,0.326
17187,0.101,0.338
17189,0.091,0.31
17191,0.102,0.31
17193,0.103,0.314
17195,0.101,0.268
17197,0.089,0.281
17199,0.097,0.316
17201,0.105,0.315
17203,0.086,0.319
18001,0.11,0.303
18003,0.105,0.285
18005,0.098,0.323
18007,0.108,0.327
18009,0.115,0.355
18011,0.088,0.277
18013,0.119,0.309
18015,0.105,0.286
18017,0.111,0.343
18019,0.102,0.311
18021,0.104,0.325
18023,0.106,0.3
18025,0.114,0.345
18027,0.102,0.333
18029,0.1,0.3
18031,0.105,0.299
18033,0.097,0.311
18035,0.102,0.317
18037,0.095,0.276
18039,0.108,0.325
18041,0.122,0.319
18043,0.1,0.306
18045,0.108,0.306
18047,0.104,0.257
18049,0.113,0.373
18051,0.101,0.321
18053,0.12,0.352
18055,0.109,0.324
18057,0.077,0.251
18059,0.096,0.348
18061,0.101,0.347
18063,0.088,0.297
18065,0.113,0.32
18067,0.116,0.355
18069,0.099,0.322
18071,0.102,0.393
18073,0.099,0.291
18075,0.11,0.352
18077,0.105,0.351
18079,0.102,0.334
18081,0.093,0.323
18083,0.101,0.317
18085,0.098,0.302
18087,0.103,0.341
18089,0.124,0.355
18091,0.111,0.337
18093,0.114,0.376
18095,0.114,0.339
18097,0.106,0.321
18099,0.108,0.285
18101,0.109,0.346
18103,0.112,0.351
18105,0.076,0.21
18107,0.104,0.335
18109,0.1,0.337
18111,0.114,0.349
18113,0.104,0.34
18115,0.108,0.32
18117,0.116,0.318
18119,0.114,0.324
18121,0.114,0.318
18123,0.102,0.304
18125,0.109,0.34
18127,0.096,0.306
18129,0.097,0.317
18131,0.111,0.319
18133,0.09,0.315
18135,0.118,0.338
18137,0.099,0.322
18139,0.11,0.326
18141,0.104,0.288
18143,0.109,0.289
18145,0.103,0.315
18147,0.104,0.287
18149,0.117,0.357
18151,0.101,0.336
18153,0.108,0.33
18155,0.117,0.309
18157,0.077,0.25
18159,0.103,0.315
18161,0.106,0.317
18163,0.101,0.342
18165,0.108,0.309
18167,0.105,0.329
18169,0.111,0.312
18171,0.1,0.273
18173,0.095,0.28
18175,0.104,0.279
18177,0.115,0.306
18179,0.102,0.281
18181,0.11,0.341
18183,0.097,0.323
19001,0.099,0.31
19003,0.103,0.323
19005,0.105,0.303
19007,0.108,0.315
19009,0.108,0.329
19011,0.089,0.332
19013,0.089,0.288
19015,0.094,0.316
19017,0.085,0.316
19019,0.089,0.329
19021,0.096,0.307
19023,0.097,0.327
19025,0.108,0.331
19027,0.091,0.296
19029,0.109,0.321
19031,0.096,0.328
19033,0.101,0.314
19035,0.104,0.357
19037,0.103,0.306
19039,0.109,0.296
19041,0.097,0.306
19043,0.104,0.346
19045,0.1,0.312
19047,0.112,0.325
19049,0.074,0.311
19051,0.112,0.306
19053,0.101,0.307
19055,0.096,0.32
19057,0.107,0.316
19059,0.099,0.328
19061,0.087,0.277
19063,0.098,0.345
19065,0.101,0.385
19067,0.108,0.329
19069,0.108,0.331
19071,0.103,0.33
19073,0.106,0.286
19075,0.093,0.291
19077,0.103,0.349
19079,0.099,0.298
19081,0.098,0.326
19083,0.099,0.328
19085,0.098,0.32
19087,0.097,0.332
19089,0.101,0.322
19091,0.104,0.331
19093,0.106,0.305
19095,0.092,0.295
19097,0.104,0.326
19099,0.095,0.343
19101,0.101,0.277
19103,0.069,0.226
19105,0.096,0.317
19107,0.103,0.288
19109,0.101,0.314
19111,0.104,0.316
19113,0.089,0.301
19115,0.099,0.35
19117,0.111,0.318
19119,0.09,0.304
19121,0.092,0.339
19123,0.094,0.307
19125,0.085,0.309
19127,0.102,0.332
19129,0.096,0.336
19131,0.1,0.305
19133,0.113,0.296
19135,0.101,0.326
19137,0.112,0.342
19139,0.098,0.354
19141,0.1,0.309
19143,0.098,0.322
19145,0.106,0.328
19147,0.103,0.332
19149,0.091,0.333
19151,0.114,0.305
19153,0.083,0.292
19155,0.095,0.374
19157,0.093,0.305
19159,0.118,0.351
19161,0.102,0.312
19163,0.091,0.311
19165,0.105,0.308
19167,0.083,0.277
19169,0.066,0.256
19171,0.104,0.326
19173,0.109,0.301
19175,0.1,0.371
19177,0.107,0.322
19179,0.108,0.329
19181,0.081,0.305
19183,0.093,0.31
19185,0.109,0.305
19187,0.097,0.305
19189,0.099,0.318
19191,0.083,0.252
19193,0.098,0.337
19195,0.103,0.337
19197,0.109,0.343
20001,0.112,0.344
20003,0.112,0.315
20005,0.099,0.299
20007,0.108,0.368
20009,0.109,0.354
20011,0.114,0.361
20013,0.118,0.306
20015,0.091,0.313
20017,0.111,0.301
20019,0.127,0.326
20021,0.112,0.387
20023,0.114,0.329
20025,0.115,0.3
20027,0.108,0.358
20029,0.111,0.328
20031,0.102,0.329
20033,0.106,0.339
20035,0.106,0.368
20037,0.096,0.347
20039,0.128,0.358
20041,0.099,0.329
20043,0.097,0.311
20045,0.068,0.233
20047,0.113,0.325
20049,0.127,0.347
20051,0.084,0.293
20053,0.104,0.325
20055,0.109,0.349
20057,0.111,0.325
20059,0.093,0.334
20061,0.072,0.309
20063,0.106,0.316
20065,0.12,0.3
20067,0.107,0.333
20069,0.093,0.339
20071,0.107,0.314
20073,0.126,0.319
20075,0.11,0.375
20077,0.112,0.34
20079,0.102,0.324
20081,0.104,0.335
20083,0.112,0.312
20085,0.102,0.345
20087,0.094,0.314
20089,0.126,0.301
20091,0.078,0.233
20093,0.1,0.303
20095,0.111,0.323
20097,0.105,0.315
20099,0.114,0.363
20101,0.11,0.325
20103,0.094,0.308
20105,0.115,0.305
20107,0.111,0.317
20109,0.098,0.32
20111,0.101,0.341
20113,0.094,0.299
20115,0.105,0.332
20117,0.109,0.343
20119,0.103,0.256
20121,0.096,0.326
20123,0.102,0.321
20125,0.118,0.351
20127,0.113,0.352
20129,0.113,0.305
20131,0.099,0.309
20133,0.111,0.328
20135,0.118,0.305
20137,0.1,0.339
20139,0.107,0.362
20141,0.12,0.335
20143,0.099,0.37
20145,0.11,0.311
20147,0.106,0.281
20149,0.087,0.316
20151,0.098,0.329
20153,0.124,0.325
20155,0.109,0.333
20157,0.124,0.287
20159,0.104,0.311
20161,0.059,0.243
20163,0.108,0.315
20165,0.117,0.311
20167,0.117,0.299
20169,0.102,0.325
20171,0.107,0.312
20173,0.109,0.305
20175,0.106,0.349
20177,0.114,0.323
20179,0.117,0.315
20181,0.109,0.315
20183,0.123,0.327
20185,0.118,0.331
20187,0.118,0.297
20189,0.103,0.343
20191,0.103,0.343
20193,0.083,0.323
20195,0.107,0.299
20197,0.098,0.32
20199,0.109,0.326
20201,0.11,0.32
20203,0.117,0.305
20205,0.123,0.312
20207,0.123,0.304
20209,0.126,0.378
21001,0.125,0.318
21003,0.123,0.35
21005,0.11,0.329
21007,0.126,0.352
21009,0.134,0.325
21011,0.142,0.31
21013,0.15,0.358
21015,0.099,0.299
21017,0.131,0.34
21019,0.13,0.368
21021,0.122,0.315
21023,0.12,0.307
21025,0.145,0.429
21027,0.129,0.373
21029,0.104,0.326
21031,0.137,0.355
21033,0.131,0.332
21035,0.108,0.281
21037,0.101,0.326
21039,0.132,0.33
21041,0.132,0.382
21043,0.121,0.335
21045,0.146,0.363
21047,0.112,0.366
21049,0.12,0.32
21051,0.138,0.332
21053,0.144,0.332
21055,0.134,0.317
21057,0.154,0.341
21059,0.121,0.288
21061,0.127,0.349
21063,0.141,0.344
21065,0.141,0.315
21067,0.105,0.263
21069,0.133,0.349
21071,0.136,0.378
21073,0.12,0.33
21075,0.156,0.353
21077,0.115,0.311
21079,0.127,0.345
21081,0.108,0.342
21083,0.119,0.293
21085,0.13,0.36
21087,0.139,0.33
21089,0.131,0.384
21091,0.117,0.326
21093,0.109,0.315
21095,0.15,0.366
21097,0.126,0.298
21099,0.142,0.352
21101,0.129,0.319
21103,0.124,0.315
21105,0.146,0.345
21107,0.127,0.347
21109,0.145,0.412
21111,0.115,0.312
21113,0.108,0.311
21115,0.134,0.392
21117,0.11,0.278
21119,0.136,0.407
21121,0.149,0.367
21123,0.128,0.305
21125,0.125,0.347
21127,0.133,0.414
21129,0.14,0.295
21131,0.133,0.399
21133,0.137,0.379
21135,0.145,0.371
21137,0.134,0.293
21139,0.129,0.309
21141,0.128,0.355
21143,0.132,0.333
21145,0.128,0.321
21147,0.154,0.342
21149,0.132,0.356
21151,0.103,0.296
21153,0.133,0.335
21155,0.122,0.331
21157,0.121,0.325
21159,0.132,0.407
21161,0.13,0.336
21163,0.112,0.359
21165,0.143,0.333
21167,0.131,0.326
21169,0.144,0.341
21171,0.145,0.312
21173,0.123,0.331
21175,0.136,0.353
21177,0.126,0.369
21179,0.114,0.324
21181,0.122,0.317
21183,0.132,0.4
21185,0.095,0.301
21187,0.121,0.315
21189,0.153,0.372
21191,0.111,0.297
21193,0.137,0.38
21195,0.136,0.377
21197,0.131,0.349
21199,0.132,0.347
21201,0.142,0.346
21203,0.135,0.387
21205,0.097,0.343
21207,0.143,0.337
21209,0.095,0.306
21211,0.113,0.338
21213,0.128,0.32
21215,0.1,0.273
21217,0.132,0.366
21219,0.133,0.326
21221,0.139,0.287
21223,0.116,0.345
21225,0.127,0.332
21227,0.104,0.292
21229,0.126,0.334
21231,0.149,0.351
21233,0.124,0.331
21235,0.129,0.355
21237,0.16,0.325
21239,0.115,0.308
22001,0.11,0.319
22003,0.106,0.346
22005,0.091,0.323
22007,0.121,0.333
22009,0.126,0.388
22011,0.104,0.354
22013,0.151,0.383
22015,0.098,0.342
22017,0.127,0.346
22019,0.108,0.333
22021,0.118,0.365
22023,0.092,0.347
22025,0.122,0.37
22027,0.142,0.38
22029,0.139,0.387
22031,0.137,0.367
22033,0.107,0.323
22035,0.178,0.432
22037,0.129,0.387
22039,0.121,0.367
22041,0.134,0.36
22043,0.098,0.336
22045,0.118,0.376
22047,0.127,0.395
22049,0.13,0.388
22051,0.112,0.323
22053,0.116,0.36
22055,0.095,0.288
22057,0.098,0.363
22059,0.105,0.386
22061,0.102,0.343
22063,0.088,0.361
22065,0.16,0.43
22067,0.15,0.397
22069,0.124,0.375
22071,0.127,0.322
22073,0.118,0.352
22075,0.098,0.351
22077,0.129,0.375
22079,0.123,0.365
22081,0.138,0.4
22083,0.129,0.386
22085,0.127,0.399
22087,0.104,0.354
22089,0.101,0.359
22091,0.155,0.408
22093,0.127,0.378
22095,0.122,0.35
22097,0.136,0.422
22099,0.109,0.35
22101,0.126,0.383
22103,0.093,0.28
22105,0.109,0.403
22107,0.194,0.34
22109,0.104,0.396
22111,0.133,0.361
22113,0.102,0.32
22115,0.088,0.379
22117,0.134,0.401
22119,0.131,0.33
22121,0.111,0.379
22123,0.122,0.371
22125,0.13,0.384
22127,0.132,0.36
23001,0.091,0.324
23003,0.108,0.339
23005,0.082,0.22
23007,0.099,0.297
23009,0.092,0.238
23011,0.097,0.304
23013,0.088,0.238
23015,0.095,0.24
23017,0.106,0.317
23019,0.092,0.31
23021,0.114,0.314
23023,0.091,0.258
23025,0.101,0.339
23027,0.099,0.294
23029,0.115,0.309
23031,0.086,0.269
24001,0.104,0.275
24003,0.088,0.281
24005,0.102,0.282
24009,0.09,0.298
24011,0.108,0.342
24013,0.086,0.277
24015,0.096,0.318
24017,0.109,0.35
24019,0.139,0.334
24021,0.089,0.279
24023,0.102,0.307
24025,0.09,0.283
24027,0.08,0.226
24029,0.11,0.273
24031,0.085,0.194
24033,0.123,0.329
24035,0.095,0.277
24037,0.09,0.303
24039,0.12,0.395
24041,0.115,0.284
24043,0.104,0.334
24045,0.108,0.349
24047,0.126,0.298
24510,0.13,0.343
25001,0.101,0.197
25003,0.102,0.229
25005,0.105,0.282
25007,0.104,0.216
25009,0.099,0.243
25011,0.1,0.216
25013,0.111,0.285
25015,0.079,0.213
25017,0.082,0.226
25019,0.086,0.207
25021,0.089,0.197
25023,0.1,0.264
25025,0.087,0.206
25027,0.093,0.261
26001,0.135,0.307
26003,0.115,0.323
26005,0.096,0.323
26007,0.111,0.329
26009,0.118,0.317
26011,0.118,0.336
26013,0.111,0.342
26015,0.094,0.337
26017,0.102,0.334
26019,0.109,0.309
26021,0.11,0.366
26023,0.101,0.351
26025,0.109,0.347
26027,0.105,0.351
26029,0.108,0.284
26031,0.121,0.321
26033,0.109,0.379
26035,0.125,0.312
26037,0.09,0.327
26039,0.114,0.316
26041,0.113,0.332
26043,0.104,0.303
26045,0.096,0.347
26047,0.1,0.283
26049,0.114,0.36
26051,0.125,0.356
26053,0.119,0.298
26055,0.092,0.28
26057,0.097,0.359
26059,0.107,0.322
26061,0.091,0.31
26063,0.11,0.311
26065,0.089,0.296
26067,0.089,0.361
26069,0.125,0.335
26071,0.122,0.309
26073,0.08,0.299
26075,0.102,0.333
26077,0.09,0.299
26079,0.112,0.322
26081,0.089,0.293
26083,0.128,0.317
26085,0.155,0.329
26087,0.096,0.304
26089,0.117,0.229
26091,0.099,0.325
26093,0.081,0.287
26095,0.118,0.357
26097,0.135,0.326
26099,0.096,0.325
26101,0.115,0.342
26103,0.091,0.293
26105,0.111,0.293
26107,0.095,0.332
26109,0.111,0.344
26111,0.089,0.317
26113,0.108,0.334
26115,0.092,0.335
26117,0.104,0.338
26119,0.129,0.318
26121,0.113,0.367
26123,0.109,0.353
26125,0.093,0.26
26127,0.118,0.341
26129,0.124,0.363
26131,0.137,0.344
26133,0.112,0.339
26135,0.131,0.334
26137,0.099,0.356
26139,0.079,0.257
26141,0.125,0.326
26143,0.139,0.316
26145,0.117,0.397
26147,0.099,0.319
26149,0.101,0.342
26151,0.106,0.344
26153,0.129,0.301
26155,0.098,0.322
26157,0.103,0.305
26159,0.108,0.337
26161,0.081,0.233
26163,0.123,0.335
26165,0.106,0.305
27001,0.119,0.271
27003,0.076,0.296
27005,0.098,0.294
27007,0.095,0.287
27009,0.075,0.282
27011,0.1,0.296
27013,0.071,0.28
27015,0.085,0.278
27017,0.092,0.281
27019,0.064,0.242
27021,0.112,0.274
27023,0.09,0.296
27025,0.074,0.301
27027,0.067,0.28
27029,0.108,0.304
27031,0.108,0.264
27033,0.099,0.296
27035,0.095,0.293
27037,0.072,0.259
27039,0.075,0.288
27041,0.087,0.263
27043,0.1,0.266
27045,0.09,0.262
27047,0.094,0.314
27049,0.086,0.308
27051,0.097,0.3
27053,0.072,0.227
27055,0.092,0.255
27057,0.101,0.276
27059,0.076,0.276
27061,0.097,0.314
27063,0.092,0.309
27065,0.097,0.266
27067,0.086,0.274
27069,0.098,0.292
27071,0.104,0.249
27073,0.099,0.293
27075,0.103,0.283
27077,0.1,0.288
27079,0.083,0.33
27081,0.095,0.289
27083,0.079,0.292
27085,0.082,0.336
27087,0.139,0.286
27089,0.089,0.303
27091,0.095,0.326
27093,0.093,0.284
27095,0.094,0.331
27097,0.087,0.293
27099,0.092,0.295
27101,0.101,0.298
27103,0.071,0.302
27105,0.092,0.286
27107,0.1,0.308
27109,0.073,0.237
27111,0.1,0.274
27113,0.082,0.265
27115,0.099,0.31
27117,0.096,0.275
27119,0.086,0.313
27121,0.091,0.296
27123,0.08,0.251
27125,0.091,0.307
27127,0.096,0.327
27129,0.093,0.313
27131,0.075,0.27
27133,0.091,0.281
27135,0.083,0.332
27137,0.088,0.255
27139,0.064,0.246
27141,0.068,0.273
27143,0.085,0.314
27145,0.074,0.272
27147,0.082,0.283
27149,0.076,0.292
27151,0.093,0.28
27153,0.096,0.292
27155,0.102,0.299
27157,0.083,0.303
27159,0.102,0.281
27161,0.08,0.3
27163,0.074,0.257
27165,0.093,0.302
27167,0.087,0.298
27169,0.077,0.271
27171,0.071,0.284
27173,0.093,0.283
28001,0.163,0.364
28003,0.116,0.335
28005,0.163,0.389
28007,0.152,0.395
28009,0.142,0.375
28011,0.163,0.335
28013,0.137,0.354
28015,0.143,0.316
28017,0.146,0.368
28019,0.143,0.337
28021,0.18,0.429
28023,0.137,0.356
28025,0.152,0.384
28027,0.17,0.455
28029,0.142,0.377
28031,0.137,0.363
28033,0.093,0.369
28035,0.11,0.342
28037,0.141,0.386
28039,0.097,0.344
28041,0.104,0.382
28043,0.138,0.395
28045,0.113,0.301
28047,0.111,0.33
28049,0.139,0.345
28051,0.192,0.466
28053,0.197,0.435
28055,0.151,0.369
28057,0.107,0.329
28059,0.112,0.313
28061,0.162,0.391
28063,0.201,0.442
28065,0.179,0.384
28067,0.125,0.381
28069,0.164,0.377
28071,0.088,0.346
28073,0.092,0.346
28075,0.126,0.342
28077,0.133,0.386
28079,0.142,0.389
28081,0.11,0.316
28083,0.171,0.418
28085,0.13,0.391
28087,0.134,0.348
28089,0.102,0.315
28091,0.144,0.347
28093,0.137,0.394
28095,0.129,0.361
28097,0.154,0.382
28099,0.128,0.37
28101,0.128,0.314
28103,0.183,0.418
28105,0.097,0.331
28107,0.139,0.351
28109,0.116,0.317
28111,0.127,0.369
28113,0.148,0.378
28115,0.105,0.33
28117,0.116,0.312
28119,0.186,0.422
28121,0.094,0.313
28123,0.134,0.341
28125,0.185,0.405
28127,0.136,0.395
28129,0.123,0.359
28131,0.101,0.321
28133,0.155,0.423
28135,0.136,0.397
28137,0.12,0.348
28139,0.121,0.343
28141,0.118,0.356
28143,0.154,0.421
28145,0.115,0.343
28147,0.144,0.384
28149,0.134,0.358
28151,0.171,0.409
28153,0.138,0.377
28155,0.122,0.355
28157,0.156,0.412
28159,0.152,0.361
28161,0.146,0.378
28163,0.144,0.4
29001,0.089,0.303
29003,0.095,0.279
29005,0.111,0.313
29007,0.105,0.347
29009,0.12,0.323
29011,0.12,0.323
29013,0.117,0.348
29015,0.144,0.319
29017,0.111,0.357
29019,0.079,0.273
29021,0.102,0.351
29023,0.118,0.365
29025,0.111,0.392
29027,0.092,0.343
29029,0.125,0.281
29031,0.096,0.327
29033,0.112,0.342
29035,0.122,0.325
29037,0.094,0.305
29039,0.137,0.343
29041,0.122,0.32
29043,0.089,0.304
29045,0.111,0.333
29047,0.086,0.288
29049,0.101,0.345
29051,0.095,0.3
29053,0.104,0.353
29055,0.119,0.33
29057,0.129,0.37
29059,0.125,0.327
29061,0.113,0.362
29063,0.097,0.387
29065,0.122,0.353
29067,0.132,0.317
29069,0.13,0.327
29071,0.097,0.329
29073,0.114,0.328
29075,0.11,0.315
29077,0.096,0.287
29079,0.117,0.339
29081,0.121,0.333
29083,0.12,0.318
29085,0.151,0.311
29087,0.114,0.312
29089,0.103,0.34
29091,0.117,0.324
29093,0.123,0.344
29095,0.112,0.304
29097,0.102,0.326
29099,0.092,0.311
29101,0.083,0.294
29103,0.124,0.323
29105,0.112,0.32
29107,0.101,0.309
29109,0.112,0.304
29111,0.101,0.361
29113,0.093,0.332
29115,0.119,0.298
29117,0.102,0.283
29119,0.119,0.285
29121,0.119,0.309
29123,0.118,0.361
29125,0.112,0.329
29127,0.109,0.357
29129,0.12,0.361
29131,0.115,0.346
29133,0.139,0.332
29135,0.093,0.304
29137,0.118,0.314
29139,0.118,0.327
29141,0.133,0.272
29143,0.128,0.34
29145,0.106,0.317
29147,0.088,0.284
29149,0.135,0.336
29151,0.092,0.326
29153,0.143,0.332
29155,0.136,0.338
29157,0.098,0.317
29159,0.111,0.352
29161,0.095,0.301
29163,0.11,0.312
29165,0.089,0.311
29167,0.108,0.322
29169,0.068,0.332
29171,0.122,0.324
29173,0.106,0.345
29175,0.107,0.326
29177,0.103,0.354
29179,0.133,0.327
29181,0.128,0.342
29183,0.081,0.283
29185,0.132,0.308
29186,0.104,0.288
29187,0.105,0.336
29189,0.109,0.276
29195,0.112,0.38
29197,0.122,0.319
29199,0.109,0.346
29201,0.116,0.363
29203,0.123,0.333
29205,0.117,0.328
29207,0.11,0.341
29209,0.132,0.322
29211,0.118,0.341
29213,0.115,0.308
29215,0.122,0.307
29217,0.112,0.311
29219,0.103,0.292
29221,0.115,0.367
29223,0.133,0.347
29225,0.105,0.329
29227,0.12,0.312
29229,0.13,0.356
29510,0.133,0.318
30001,0.088,0.266
30003,0.132,0.367
30005,0.13,0.338
30007,0.095,0.335
30009,0.096,0.241
30011,0.103,0.258
30013,0.086,0.29
30015,0.106,0.26
30017,0.087,0.301
30019,0.092,0.261
30021,0.084,0.284
30023,0.103,0.269
30025,0.075,0.274
30027,0.095,0.261
30029,0.089,0.221
30031,0.058,0.164
30033,0.092,0.256
30035,0.142,0.342
30037,0.115,0.267
30039,0.108,0.262
30041,0.104,0.335
30043,0.09,0.243
30045,0.098,0.264
30047,0.117,0.27
30049,0.08,0.244
30051,0.09,0.264
30053,0.113,0.271
30055,0.094,0.239
30057,0.103,0.206
30059,0.117,0.24
30061,0.12,0.263
30063,0.071,0.214
30065,0.106,0.268
30067,0.091,0.226
30069,0.104,0.249
30071,0.107,0.262
30073,0.103,0.298
30075,0.1,0.271
30077,0.093,0.275
30079,0.116,0.271
30081,0.104,0.207
30083,0.078,0.29
30085,0.12,0.348
30087,0.107,0.337
30089,0.127,0.278
30091,0.09,0.303
30093,0.091,0.251
30095,0.09,0.217
30097,0.099,0.23
30099,0.096,0.264
30101,0.087,0.265
30103,0.114,0.268
30105,0.096,0.29
30107,0.108,0.263
30109,0.103,0.283
30111,0.081,0.248
31001,0.092,0.297
31003,0.105,0.271
31005,0.099,0.298
31007,0.121,0.331
31009,0.103,0.276
31011,0.095,0.279
31013,0.109,0.315
31015,0.125,0.328
31017,0.113,0.31
31019,0.072,0.296
31021,0.105,0.327
31023,0.098,0.282
31025,0.083,0.338
31027,0.095,0.28
31029,0.103,0.272
31031,0.101,0.26
31033,0.087,0.283
31035,0.101,0.324
31037,0.103,0.311
31039,0.097,0.289
31041,0.097,0.341
31043,0.1,0.344
31045,0.087,0.28
31047,0.103,0.329
31049,0.111,0.271
31051,0.105,0.307
31053,0.095,0.308
31055,0.087,0.282
31057,0.11,0.341
31059,0.098,0.305
31061,0.11,0.364
31063,0.098,0.35
31065,0.111,0.326
31067,0.097,0.354
31069,0.11,0.313
31071,0.114,0.276
31073,0.1,0.336
31075,0.11,0.289
31077,0.109,0.334
31079,0.095,0.33
31081,0.088,0.302
31083,0.113,0.314
31085,0.107,0.303
31087,0.116,0.342
31089,0.103,0.319
31091,0.124,0.271
31093,0.092,0.309
31095,0.102,0.352
31097,0.095,0.297
31099,0.089,0.323
31101,0.101,0.28
31103,0.117,0.278
31105,0.112,0.316
31107,0.109,0.3
31109,0.073,0.261
31111,0.094,0.332
31113,0.095,0.286
31115,0.121,0.301
31117,0.1,0.31
31119,0.094,0.323
31121,0.097,0.344
31123,0.108,0.306
31125,0.102,0.305
31127,0.09,0.346
31129,0.106,0.309
31131,0.102,0.337
31133,0.116,0.317
31135,0.092,0.264
31137,0.092,0.35
31139,0.09,0.353
31141,0.092,0.3
31143,0.096,0.3
31145,0.09,0.299
31147,0.114,0.357
31149,0.107,0.315
31151,0.09,0.331
31153,0.074,0.289
31155,0.089,0.273
31157,0.107,0.342
31159,0.077,0.291
31161,0.124,0.301
31163,0.109,0.344
31165,0.104,0.308
31167,0.09,0.332
31169,0.11,0.301
31171,0.097,0.308
31173,0.14,0.408
31175,0.111,0.314
31177,0.084,0.31
31179,0.073,0.296
31181,0.107,0.318
31183,0.107,0.278
31185,0.084,0.321
32001,0.102,0.288
32003,0.106,0.258
32005,0.103,0.224
32007,0.084,0.319
32009,0.148,0.266
32011,0.096,0.263
32013,0.087,0.247
32015,0.094,0.285
32017,0.102,0.252
32019,0.107,0.299
32021,0.135,0.264
32023,0.135,0.291
32027,0.1,0.324
32029,0.11,0.259
32031,0.086,0.222
32033,0.092,0.251
32510,0.105,0.241
33001,0.103,0.307
33003,0.106,0.231
33005,0.091,0.25
33007,0.115,0.301
33009,0.085,0.267
33011,0.086,0.273
33013,0.085,0.29
33015,0.084,0.257
33017,0.083,0.298
33019,0.096,0.282
34001,0.117,0.268
34003,0.09,0.204
34005,0.091,0.27
34007,0.1,0.29
34009,0.105,0.271
34011,0.115,0.336
34013,0.117,0.273
34015,0.092,0.292
34017,0.1,0.239
34019,0.082,0.213
34021,0.092,0.243
34023,0.094,0.24
34025,0.089,0.227
34027,0.084,0.204
34029,0.105,0.268
34031,0.106,0.241
34033,0.108,0.32
34035,0.089,0.213
34037,0.081,0.255
34039,0.1,0.245
34041,0.09,0.271
35001,0.098,0.204
35003,0.14,0.219
35005,0.108,0.299
35006,0.139,0.329
35007,0.132,0.24
35009,0.087,0.3
35011,0.135,0.238
35013,0.117,0.232
35015,0.101,0.301
35017,0.124,0.21
35019,0.135,0.27
35021,0.146,0.227
35023,0.13,0.256
35025,0.094,0.347
35027,0.121,0.215
35028,0.076,0.203
35029,0.146,0.231
35031,0.143,0.333
35033,0.193,0.238
35035,0.103,0.257
35037,0.134,0.324
35039,0.141,0.241
35041,0.093,0.281
35043,0.101,0.241
35045,0.109,0.303
35047,0.153,0.222
35049,0.096,0.138
35051,0.135,0.21
35053,0.136,0.256
35055,0.138,0.169
35057,0.128,0.255
35059,0.113,0.284
35061,0.119,0.271
36001,0.086,0.272
36003,0.089,0.298
36005,0.147,0.289
36007,0.091,0.247
36009,0.097,0.284
36011,0.088,0.303
36013,0.099,0.298
36015,0.092,0.319
36017,0.097,0.328
36019,0.085,0.296
36021,0.097,0.253
36023,0.078,0.277
36025,0.1,0.258
36027,0.088,0.249
36029,0.095,0.265
36031,0.094,0.285
36033,0.094,0.298
36035,0.094,0.287
36037,0.088,0.295
36039,0.094,0.296
36041,0.103,0.28
36043,0.094,0.298
36045,0.076,0.274
36047,0.11,0.223
36049,0.089,0.272
36051,0.085,0.299
36053,0.082,0.294
36055,0.091,0.272
36057,0.098,0.251
36059,0.088,0.227
36061,0.089,0.147
36063,0.092,0.302
36065,0.094,0.304
36067,0.086,0.278
36069,0.085,0.295
36071,0.09,0.261
36073,0.093,0.306
36075,0.088,0.293
36077,0.088,0.255
36079,0.081,0.272
36081,0.105,0.238
36083,0.083,0.236
36085,0.094,0.263
36087,0.099,0.209
36089,0.088,0.286
36091,0.079,0.256
36093,0.089,0.26
36095,0.091,0.269
36097,0.094,0.3
36099,0.09,0.307
36101,0.094,0.295
36103,0.09,0.228
36105,0.105,0.307
36107,0.09,0.315
36109,0.069,0.237
36111,0.091,0.281
36113,0.09,0.26
36115,0.089,0.298
36117,0.091,0.294
36119,0.095,0.196
36121,0.085,0.263
36123,0.096,0.253
37001,0.11,0.337
37003,0.105,0.33
37005,0.124,0.257
37007,0.144,0.345
37009,0.115,0.264
37011,0.106,0.259
37013,0.132,0.329
37015,0.167,0.355
37017,0.15,0.348
37019,0.12,0.286
37021,0.098,0.228
37023,0.109,0.315
37025,0.091,0.278
37027,0.107,0.31
37029,0.092,0.323
37031,0.105,0.262
37033,0.137,0.358
37035,0.102,0.308
37037,0.118,0.27
37039,0.123,0.285
37041,0.146,0.324
37043,0.128,0.286
37045,0.114,0.321
37047,0.138,0.31
37049,0.102,0.295
37051,0.108,0.32
37053,0.094,0.283
37055,0.095,0.281
37057,0.104,0.302
37059,0.102,0.28
37061,0.143,0.292
37063,0.098,0.282
37065,0.16,0.392
37067,0.114,0.287
37069,0.116,0.318
37071,0.107,0.336
37073,0.13,0.341
37075,0.114,0.305
37077,0.114,0.37
37079,0.131,0.342
37081,0.106,0.284
37083,0.158,0.394
37085,0.099,0.33
37087,0.107,0.264
37089,0.107,0.243
37091,0.156,0.352
37093,0.111,0.348
37095,0.124,0.299
37097,0.097,0.282
37099,0.099,0.324
37101,0.102,0.352
37103,0.138,0.344
37105,0.112,0.293
37107,0.146,0.36
37109,0.097,0.288
37111,0.109,0.303
37113,0.122,0.251
37115,0.101,0.248
37117,0.151,0.364
37119,0.094,0.235
37121,0.111,0.288
37123,0.128,0.319
37125,0.11,0.279
37127,0.129,0.312
37129,0.094,0.26
37131,0.178,0.378
37133,0.068,0.261
37135,0.082,0.199
37137,0.129,0.319
37139,0.113,0.337
37141,0.111,0.288
37143,0.136,0.332
37145,0.123,0.327
37147,0.1,0.344
37149,0.113,0.27
37151,0.107,0.298
37153,0.127,0.371
37155,0.163,0.391
37157,0.12,0.34
37159,0.11,0.343
37161,0.12,0.281
37163,0.135,0.386
37165,0.149,0.366
37167,0.103,0.298
37169,0.104,0.337
37171,0.114,0.289
37173,0.124,0.353
37175,0.112,0.24
37177,0.138,0.31
37179,0.086,0.266
37181,0.145,0.369
37183,0.08,0.249
37185,0.165,0.377
37187,0.162,0.328
37189,0.083,0.264
37191,0.12,0.347
37193,0.118,0.262
37195,0.133,0.381
37197,0.106,0.323
37199,0.111,0.27
38001,0.102,0.333
38003,0.088,0.328
38005,0.141,0.354
38007,0.084,0.297
38009,0.095,0.302
38011,0.086,0.297
38013,0.096,0.296
38015,0.068,0.294
38017,0.065,0.273
38019,0.101,0.312
38021,0.091,0.329
38023,0.096,0.286
38025,0.086,0.303
38027,0.115,0.315
38029,0.111,0.313
38031,0.095,0.294
38033,0.098,0.291
38035,0.07,0.29
38037,0.114,0.324
38039,0.1,0.297
38041,0.092,0.31
38043,0.097,0.287
38045,0.1,0.332
38047,0.105,0.335
38049,0.094,0.288
38051,0.113,0.321
38053,0.081,0.335
38055,0.105,0.329
38057,0.094,0.309
38059,0.076,0.323
38061,0.095,0.336
38063,0.107,0.304
38065,0.095,0.307
38067,0.095,0.32
38069,0.1,0.325
38071,0.092,0.312
38073,0.093,0.324
38075,0.088,0.302
38077,0.08,0.327
38079,0.162,0.411
38081,0.091,0.317
38083,0.109,0.317
38085,0.148,0.391
38087,0.099,0.282
38089,0.071,0.288
38091,0.096,0.312
38093,0.082,0.302
38095,0.105,0.307
38097,0.086,0.362
38099,0.097,0.302
38101,0.07,0.297
38103,0.104,0.321
38105,0.071,0.348
39001,0.129,0.283
39003,0.12,0.338
39005,0.11,0.301
39007,0.125,0.307
39009,0.09,0.288
39011,0.105,0.344
39013,0.117,0.331
39015,0.116,0.373
39017,0.101,0.301
39019,0.121,0.345
39021,0.111,0.366
39023,0.125,0.304
39025,0.1,0.293
39027,0.11,0.348
39029,0.121,0.322
39031,0.122,0.337
39033,0.122,0.321
39035,0.13,0.286
39037,0.115,0.305
39039,0.114,0.315
39041,0.088,0.271
39043,0.12,0.314
39045,0.104,0.311
39047,0.118,0.324
39049,0.106,0.292
39051,0.112,0.328
39053,0.129,0.313
39055,0.109,0.276
39057,0.101,0.285
39059,0.119,0.364
39061,0.116,0.289
39063,0.106,0.302
39065,0.102,0.342
39067,0.126,0.294
39069,0.113,0.302
39071,0.121,0.337
39073,0.118,0.34
39075,0.101,0.282
39077,0.111,0.335
39079,0.119,0.368
39081,0.13,0.336
39083,0.105,0.342
39085,0.105,0.264
39087,0.122,0.389
39089,0.104,0.293
39091,0.116,0.312
39093,0.113,0.299
39095,0.124,0.324
39097,0.102,0.286
39099,0.127,0.306
39101,0.119,0.339
39103,0.099,0.289
39105,0.13,0.346
39107,0.104,0.287
39109,0.113,0.315
39111,0.127,0.361
39113,0.13,0.31
39115,0.131,0.333
39117,0.11,0.369
39119,0.12,0.325
39121,0.144,0.329
39123,0.118,0.306
39125,0.114,0.299
39127,0.113,0.355
39129,0.102,0.359
39131,0.125,0.312
39133,0.098,0.285
39135,0.113,0.323
39137,0.099,0.333
39139,0.117,0.33
39141,0.119,0.363
39143,0.121,0.324
39145,0.13,0.363
39147,0.11,0.349
39149,0.104,0.323
39151,0.116,0.308
39153,0.113,0.292
39155,0.123,0.33
39157,0.116,0.346
39159,0.088,0.322
39161,0.114,0.367
39163,0.128,0.313
39165,0.09,0.286
39167,0.124,0.332
39169,0.108,0.273
39171,0.118,0.341
39173,0.093,0.306
39175,0.107,0.352
40001,0.161,0.382
40003,0.118,0.347
40005,0.133,0.359
40007,0.112,0.357
40009,0.1,0.335
40011,0.122,0.379
40013,0.118,0.349
40015,0.132,0.362
40017,0.094,0.342
40019,0.12,0.324
40021,0.136,0.348
40023,0.154,0.342
40025,0.14,0.307
40027,0.091,0.299
40029,0.145,0.359
40031,0.106,0.349
40033,0.127,0.357
40035,0.137,0.301
40037,0.125,0.355
40039,0.102,0.298
40041,0.155,0.334
40043,0.118,0.339
40045,0.122,0.317
40047,0.107,0.358
40049,0.124,0.356
40051,0.108,0.332
40053,0.11,0.367
40055,0.11,0.322
40057,0.147,0.368
40059,0.117,0.349
40061,0.138,0.356
40063,0.14,0.359
40065,0.114,0.307
40067,0.139,0.354
40069,0.132,0.393
40071,0.124,0.287
40073,0.104,0.291
40075,0.145,0.303
40077,0.131,0.355
40079,0.131,0.393
40081,0.121,0.372
40083,0.104,0.324
40085,0.123,0.346
40087,0.101,0.304
40089,0.14,0.341
40091,0.152,0.355
40093,0.11,0.319
40095,0.142,0.336
40097,0.133,0.354
40099,0.126,0.383
40101,0.136,0.346
40103,0.115,0.335
40105,0.134,0.351
40107,0.15,0.317
40109,0.106,0.301
40111,0.136,0.374
40113,0.131,0.365
40115,0.143,0.328
40117,0.125,0.339
40119,0.085,0.296
40121,0.128,0.326
40123,0.115,0.364
40125,0.117,0.364
40127,0.155,0.312
40129,0.115,0.313
40131,0.105,0.32
40133,0.143,0.36
40135,0.139,0.374
40137,0.119,0.328
40139,0.107,0.313
40141,0.142,0.343
40143,0.104,0.302
40145,0.107,0.343
40147,0.12,0.293
40149,0.109,0.414
40151,0.096,0.323
40153,0.1,0.386
41001,0.116,0.261
41003,0.08,0.197
41005,0.087,0.255
41007,0.1,0.29
41009,0.096,0.321
41011,0.12,0.283
41013,0.123,0.265
41015,0.124,0.29
41017,0.09,0.233
41019,0.111,0.31
41021,0.105,0.274
41023,0.122,0.259
41025,0.12,0.304
41027,0.096,0.245
41029,0.101,0.251
41031,0.119,0.311
41033,0.117,0.263
41035,0.109,0.29
41037,0.118,0.319
41039,0.087,0.273
41041,0.119,0.279
41043,0.104,0.323
41045,0.115,0.285
41047,0.097,0.333
41049,0.108,0.274
41051,0.083,0.205
41053,0.092,0.34
41055,0.113,0.275
41057,0.118,0.273
41059,0.097,0.321
41061,0.1,0.271
41063,0.114,0.25
41065,0.109,0.269
41067,0.078,0.244
41069,0.126,0.265
41071,0.095,0.299
42001,0.102,0.322
42003,0.101,0.258
42005,0.109,0.334
42007,0.111,0.304
42009,0.115,0.348
42011,0.107,0.308
42013,0.112,0.338
42015,0.11,0.327
42017,0.094,0.263
42019,0.101,0.288
42021,0.113,0.292
42023,0.119,0.276
42025,0.111,0.359
42027,0.079,0.253
42029,0.09,0.239
42031,0.106,0.33
42033,0.114,0.329
42035,0.099,0.315
42037,0.1,0.349
42039,0.111,0.341
42041,0.091,0.264
42043,0.113,0.307
42045,0.102,0.251
42047,0.106,0.275
42049,0.105,0.307
42051,0.126,0.362
42053,0.116,0.333
42055,0.105,0.3
42057,0.11,0.329
42059,0.104,0.329
42061,0.108,0.295
42063,0.1,0.361
42065,0.11,0.29
42067,0.11,0.332
42069,0.106,0.3
42071,0.1,0.294
42073,0.112,0.325
42075,0.102,0.311
42077,0.109,0.285
42079,0.112,0.291
42081,0.105,0.299
42083,0.111,0.311
42085,0.11,0.334
42087,0.116,0.318
42089,0.115,0.27
42091,0.09,0.239
42093,0.102,0.322
42095,0.107,0.281
42097,0.112,0.34
42099,0.097,0.329
42101,0.123,0.292
42103,0.112,0.294
42105,0.118,0.324
42107,0.109,0.347
42109,0.099,0.326
42111,0.112,0.345
42113,0.122,0.322
42115,0.113,0.321
42117,0.109,0.31
42119,0.098,0.294
42121,0.115,0.34
42123,0.115,0.33
42125,0.102,0.288
42127,0.116,0.328
42129,0.111,0.284
42131,0.103,0.328
42133,0.108,0.319
44001,0.081,0.213
44003,0.088,0.277
44005,0.088,0.217
44007,0.098,0.276
44009,0.083,0.239
45001,0.144,0.342
45003,0.12,0.32
45005,0.187,0.404
45007,0.117,0.328
45009,0.157,0.411
45011,0.156,0.377
45013,0.115,0.225
45015,0.103,0.365
45017,0.151,0.362
45019,0.108,0.25
45021,0.121,0.346
45023,0.142,0.386
45025,0.138,0.344
45027,0.164,0.398
45029,0.152,0.396
45031,0.142,0.356
45033,0.157,0.386
45035,0.101,0.31
45037,0.129,0.323
45039,0.168,0.401
45041,0.129,0.366
45043,0.146,0.336
45045,0.103,0.285
45047,0.127,0.331
45049,0.146,0.414
45051,0.118,0.287
45053,0.153,0.386
45055,0.124,0.308
45057,0.122,0.326
45059,0.134,0.384
45061,0.167,0.439
45063,0.1,0.317
45065,0.162,0.34
45067,0.173,0.392
45069,0.159,0.374
45071,0.128,0.334
45073,0.121,0.293
45075,0.151,0.406
45077,0.097,0.306
45079,0.112,0.319
45081,0.132,0.36
45083,0.112,0.294
45085,0.129,0.345
45087,0.138,0.368
45089,0.177,0.427
45091,0.106,0.286
46003,0.089,0.307
46005,0.097,0.315
46007,0.141,0.365
46009,0.093,0.328
46011,0.059,0.279
46013,0.078,0.304
46015,0.096,0.354
46017,0.151,0.418
46019,0.095,0.265
46021,0.106,0.325
46023,0.122,0.35
46025,0.096,0.337
46027,0.067,0.292
46029,0.077,0.301
46031,0.151,0.391
46033,0.103,0.287
46035,0.083,0.35
46037,0.116,0.318
46039,0.092,0.327
46041,0.144,0.397
46043,0.101,0.292
46045,0.093,0.296
46047,0.117,0.305
46049,0.107,0.299
46051,0.092,0.32
46053,0.115,0.326
46055,0.108,0.335
46057,0.088,0.32
46059,0.095,0.303
46061,0.088,0.277
46063,0.091,0.313
46065,0.082,0.294
46067,0.098,0.315
46069,0.094,0.314
46071,0.127,0.335
46073,0.102,0.287
46075,0.097,0.302
46077,0.092,0.335
46079,0.093,0.293
46081,0.081,0.251
46083,0.063,0.283
46085,0.113,0.326
46087,0.087,0.275
46089,0.114,0.303
46091,0.098,0.313
46093,0.08,0.281
46095,0.153,0.321
46097,0.097,0.314
46099,0.074,0.279
46101,0.104,0.335
46103,0.085,0.276
46105,0.102,0.341
46107,0.107,0.296
46109,0.12,0.339
46111,0.093,0.304
46113,0.173,0.445
46115,0.092,0.305
46117,0.084,0.328
46119,0.085,0.321
46121,0.159,0.375
46123,0.112,0.301
46125,0.087,0.328
46127,0.075,0.305
46129,0.103,0.285
46135,0.085,0.285
46137,0.148,0.433
47001,0.114,0.331
47003,0.119,0.337
47005,0.137,0.339
47007,0.127,0.323
47009,0.113,0.341
47011,0.111,0.336
47013,0.125,0.32
47015,0.119,0.316
47017,0.129,0.303
47019,0.126,0.295
47021,0.102,0.328
47023,0.112,0.324
47025,0.122,0.344
47027,0.143,0.334
47029,0.138,0.337
47031,0.117,0.384
47033,0.132,0.345
47035,0.139,0.304
47037,0.107,0.315
47039,0.132,0.378
47041,0.12,0.325
47043,0.109,0.378
47045,0.124,0.353
47047,0.138,0.326
47049,0.139,0.364
47051,0.119,0.306
47053,0.133,0.309
47055,0.13,0.339
47057,0.127,0.32
47059,0.124,0.33
47061,0.14,0.3
47063,0.124,0.302
47065,0.118,0.299
47067,0.14,0.31
47069,0.153,0.386
47071,0.138,0.34
47073,0.122,0.345
47075,0.166,0.413
47077,0.122,0.367
47079,0.133,0.36
47081,0.114,0.32
47083,0.129,0.351
47085,0.118,0.348
47087,0.136,0.32
47089,0.115,0.284
47091,0.128,0.297
47093,0.102,0.287
47095,0.131,0.371
47097,0.146,0.382
47099,0.12,0.333
47101,0.127,0.318
47103,0.125,0.291
47105,0.126,0.278
47107,0.12,0.356
47109,0.134,0.356
47111,0.117,0.349
47113,0.127,0.363
47115,0.121,0.306
47117,0.115,0.329
47119,0.115,0.371
47121,0.133,0.307
47123,0.133,0.361
47125,0.093,0.292
47127,0.118,0.339
47129,0.116,0.309
47131,0.129,0.324
47133,0.125,0.319
47135,0.132,0.327
47137,0.131,0.335
47139,0.127,0.332
47141,0.108,0.339
47143,0.118,0.35
47145,0.131,0.339
47147,0.103,0.351
47149,0.092,0.339
47151,0.124,0.308
47153,0.124,0.3
47155,0.115,0.307
47157,0.13,0.335
47159,0.11,0.355
47161,0.122,0.306
47163,0.125,0.312
47165,0.103,0.284
47167,0.113,0.337
47169,0.118,0.334
47171,0.131,0.318
47173,0.123,0.319
47175,0.133,0.316
47177,0.128,0.317
47179,0.112,0.324
47181,0.124,0.328
47183,0.11,0.307
47185,0.126,0.302
47187,0.088,0.272
47189,0.103,0.332
48001,0.118,0.334
48003,0.098,0.288
48005,0.124,0.336
48007,0.14,0.28
48009,0.099,0.299
48011,0.1,0.305
48013,0.135,0.279
48015,0.11,0.278
48017,0.149,0.297
48019,0.121,0.275
48021,0.114,0.325
48023,0.129,0.291
48025,0.12,0.306
48027,0.095,0.3
48029,0.125,0.282
48031,0.116,0.304
48033,0.099,0.298
48035,0.123,0.303
48037,0.116,0.327
48039,0.098,0.316
48041,0.081,0.26
48043,0.133,0.276
48045,0.134,0.298
48047,0.212,0.291
48049,0.117,0.275
48051,0.12,0.303
48053,0.115,0.31
48055,0.126,0.284
48057,0.124,0.3
48059,0.111,0.294
48061,0.167,0.318
48063,0.129,0.322
48065,0.096,0.294
48067,0.13,0.307
48069,0.144,0.303
48071,0.091,0.314
48073,0.127,0.309
48075,0.1,0.299
48077,0.107,0.308
48079,0.143,0.295
48081,0.125,0.29
48083,0.136,0.297
48085,0.08,0.25
48087,0.128,0.301
48089,0.133,0.305
48091,0.104,0.285
48093,0.135,0.31
48095,0.112,0.312
48097,0.106,0.302
48099,0.082,0.318
48101,0.144,0.3
48103,0.105,0.291
48105,0.126,0.31
48107,0.148,0.292
48109,0.175,0.308
48111,0.106,0.32
48113,0.111,0.28
48115,0.123,0.321
48117,0.131,0.323
48119,0.123,0.293
48121,0.079,0.239
48123,0.127,0.326
48125,0.118,0.29
48127,0.162,0.314
48129,0.111,0.313
48131,0.176,0.297
48133,0.121,0.318
48135,0.103,0.309
48137,0.158,0.291
48139,0.102,0.285
48141,0.151,0.266
48143,0.093,0.312
48145,0.136,0.301
48147,0.112,0.317
48149,0.12,0.294
48151,0.128,0.292
48153,0.151,0.289
48155,0.127,0.285
48157,0.099,0.235
48159,0.116,0.285
48161,0.12,0.307
48163,0.138,0.313
48165,0.101,0.324
48167,0.101,0.249
48169,0.099,0.31
48171,0.129,0.311
48173,0.096,0.291
48175,0.131,0.316
48177,0.142,0.329
48179,0.106,0.281
48181,0.106,0.294
48183,0.112,0.351
48185,0.123,0.317
48187,0.104,0.32
48189,0.126,0.283
48191,0.153,0.311
48193,0.114,0.33
48195,0.117,0.286
48197,0.143,0.317
48199,0.096,0.344
48201,0.106,0.274
48203,0.114,0.33
48205,0.094,0.298
48207,0.124,0.295
48209,0.093,0.236
48211,0.1,0.309
48213,0.122,0.312
48215,0.156,0.367
48217,0.124,0.305
48219,0.109,0.295
48221,0.113,0.258
48223,0.117,0.293
48225,0.138,0.299
48227,0.11,0.305
48229,0.2,0.29
48231,0.111,0.303
48233,0.107,0.329
48235,0.108,0.294
48237,0.103,0.293
48239,0.114,0.334
48241,0.123,0.33
48243,0.15,0.273
48245,0.125,0.369
48247,0.176,0.304
48249,0.151,0.293
48251,0.093,0.332
48253,0.108,0.302
48255,0.127,0.305
48257,0.096,0.305
48259,0.103,0.274
48261,0.163,0.295
48263,0.122,0.296
48265,0.131,0.253
48267,0.134,0.296
48269,0.106,0.29
48271,0.165,0.294
48273,0.127,0.305
48275,0.134,0.294
48277,0.116,0.339
48279,0.147,0.286
48281,0.113,0.281
48283,0.142,0.304
48285,0.117,0.321
48287,0.115,0.309
48289,0.124,0.306
48291,0.108,0.287
48293,0.125,0.346
48295,0.096,0.299
48297,0.123,0.299
48299,0.135,0.271
48301,0.17,0.312
48303,0.097,0.281
48305,0.134,0.313
48307,0.136,0.31
48309,0.11,0.303
48311,0.135,0.313
48313,0.113,0.307
48315,0.143,0.33
48317,0.11,0.299
48319,0.125,0.283
48321,0.137,0.334
48323,0.175,0.301
48325,0.125,0.318
48327,0.154,0.287
48329,0.092,0.308
48331,0.132,0.312
48333,0.123,0.279
48335,0.103,0.285
48337,0.109,0.275
48339,0.091,0.28
48341,0.115,0.312
48343,0.13,0.338
48345,0.144,0.281
48347,0.106,0.326
48349,0.125,0.342
48351,0.118,0.305
48353,0.123,0.307
48355,0.128,0.32
48357,0.101,0.305
48359,0.104,0.317
48361,0.1,0.31
48363,0.118,0.298
48365,0.109,0.323
48367,0.093,0.307
48369,0.123,0.312
48371,0.125,0.303
48373,0.125,0.335
48375,0.115,0.298
48377,0.192,0.279
48379,0.116,0.301
48381,0.086,0.267
48383,0.118,0.301
48385,0.149,0.298
48387,0.137,0.309
48389,0.128,0.295
48391,0.145,0.306
48393,0.091,0.294
48395,0.13,0.305
48397,0.086,0.278
48399,0.14,0.277
48401,0.112,0.354
48403,0.143,0.288
48405,0.158,0.334
48407,0.125,0.306
48409,0.123,0.317
48411,0.13,0.297
48413,0.13,0.294
48415,0.105,0.286
48417,0.109,0.335
48419,0.13,0.344
48421,0.113,0.303
48423,0.11,0.282
48425,0.103,0.299
48427,0.177,0.299
48429,0.116,0.296
48431,0.124,0.308
48433,0.135,0.294
48435,0.123,0.302
48437,0.132,0.3
48439,0.102,0.281
48441,0.1,0.313
48443,0.138,0.297
48445,0.125,0.324
48447,0.118,0.289
48449,0.12,0.315
48451,0.109,0.259
48453,0.081,0.204
48455,0.139,0.308
48457,0.111,0.326
48459,0.108,0.324
48461,0.127,0.304
48463,0.15,0.312
48465,0.147,0.288
48467,0.112,0.313
48469,0.119,0.34
48471,0.102,0.309
48473,0.111,0.309
48475,0.122,0.306
48477,0.115,0.302
48479,0.152,0.315
48481,0.131,0.316
48483,0.107,0.295
48485,0.107,0.289
48487,0.122,0.296
48489,0.165,0.291
48491,0.08,0.287
48493,0.111,0.276
48495,0.109,0.309
48497,0.096,0.32
48499,0.122,0.3
48501,0.113,0.286
48503,0.115,0.273
48505,0.164,0.3
48507,0.178,0.297
49001,0.08,0.276
49003,0.078,0.328
49005,0.057,0.224
49007,0.09,0.289
49009,0.087,0.261
49011,0.065,0.246
49013,0.069,0.263
49015,0.087,0.272
49017,0.101,0.29
49019,0.092,0.228
49021,0.075,0.23
49023,0.078,0.279
49025,0.094,0.233
49027,0.088,0.288
49029,0.068,0.225
49031,0.123,0.249
49033,0.09,0.268
49035,0.074,0.251
49037,0.129,0.256
49039,0.077,0.247
49041,0.088,0.307
49043,0.06,0.136
49045,0.07,0.31
49047,0.068,0.284
49049,0.055,0.232
49051,0.066,0.231
49053,0.09,0.232
49055,0.093,0.233
49057,0.081,0.273
50001,0.071,0.235
50003,0.086,0.248
50005,0.083,0.291
50007,0.061,0.209
50009,0.104,0.275
50011,0.073,0.282
50013,0.08,0.261
50015,0.075,0.249
50017,0.082,0.261
50019,0.093,0.299
50021,0.086,0.28
50023,0.075,0.23
50025,0.083,0.228
50027,0.082,0.228
51001,0.143,0.366
51003,0.083,0.229
51005,0.111,0.308
51007,0.117,0.31
51009,0.108,0.303
51011,0.116,0.302
51013,0.062,0.169
51015,0.098,0.304
51017,0.114,0.31
51019,0.1,0.306
51021,0.095,0.294
51023,0.093,0.258
51025,0.147,0.345
51027,0.115,0.295
51029,0.126,0.331
51031,0.106,0.326
51033,0.111,0.297
51035,0.118,0.31
51036,0.154,0.364
51037,0.134,0.322
51041,0.092,0.267
51043,0.094,0.28
51045,0.1,0.292
51047,0.094,0.302
51049,0.138,0.314
51051,0.108,0.298
51053,0.115,0.326
51057,0.134,0.295
51059,0.078,0.199
51061,0.089,0.255
51063,0.103,0.268
51065,0.095,0.295
51067,0.106,0.273
51069,0.084,0.325
51071,0.098,0.314
51073,0.093,0.332
51075,0.102,0.249
51077,0.124,0.333
51079,0.092,0.267
51081,0.143,0.346
51083,0.149,0.359
51085,0.086,0.265
51087,0.098,0.282
51089,0.137,0.317
51091,0.124,0.273
51093,0.109,0.286
51095,0.102,0.246
51097,0.125,0.31
51099,0.083,0.287
51101,0.097,0.3
51103,0.142,0.311
51105,0.114,0.279
51107,0.071,0.218
51109,0.109,0.352
51111,0.138,0.274
51113,0.111,0.312
51115,0.115,0.27
51117,0.146,0.319
51119,0.125,0.257
51121,0.069,0.237
51125,0.121,0.277
51127,0.091,0.316
51131,0.153,0.353
51133,0.146,0.256
51135,0.139,0.356
51137,0.102,0.281
51139,0.106,0.295
51141,0.124,0.308
51143,0.125,0.331
51145,0.087,0.309
51147,0.109,0.298
51149,0.094,0.352
51153,0.082,0.252
51155,0.108,0.324
51157,0.108,0.264
51159,0.119,0.295
51161,0.089,0.265
51163,0.109,0.243
51165,0.09,0.279
51167,0.105,0.311
51169,0.11,0.327
51171,0.099,0.263
51173,0.107,0.273
51175,0.129,0.331
51177,0.089,0.335
51179,0.078,0.331
51181,0.14,0.334
51183,0.141,0.387
51185,0.107,0.288
51187,0.089,0.275
51191,0.1,0.307
51193,0.142,0.303
51195,0.1,0.332
51197,0.106,0.303
51199,0.086,0.269
51510,0.08,0.207
51515,,0.33
51520,0.111,0.292
51530,0.105,0.283
51540,0.08,0.262
51550,0.093,0.312
51570,0.098,0.263
51580,0.113,0.294
51590,0.153,0.35
51595,0.167,0.322
51600,0.087,0.227
51610,0.08,0.264
51620,0.158,0.343
51630,0.082,0.296
51640,0.121,0.287
51650,0.119,0.321
51660,0.072,0.269
51670,0.119,0.341
51678,0.068,0.272
51680,0.098,0.298
51683,0.086,0.275
51685,0.086,0.297
51690,0.153,0.334
51700,0.099,0.341
51710,0.094,0.314
51720,0.103,0.279
51730,0.164,0.383
51735,0.088,0.265
51740,0.126,0.369
51750,0.068,0.294
51760,0.11,0.296
51770,0.116,0.344
51775,0.089,0.239
51790,0.106,0.275
51800,0.11,0.299
51810,0.083,0.271
51820,0.105,0.3
51830,0.074,0.274
51840,0.099,0.265
53001,0.112,0.332
53003,0.102,0.324
53005,0.09,0.314
53007,0.1,0.264
53009,0.11,0.273
53011,0.088,0.3
53013,0.12,0.322
53015,0.102,0.324
53017,0.101,0.294
53019,0.133,0.274
53021,0.091,0.315
53023,0.113,0.315
53025,0.1,0.35
53027,0.106,0.365
53029,0.093,0.263
53031,0.117,0.233
53033,0.071,0.223
53035,0.087,0.295
53037,0.081,0.275
53039,0.109,0.257
53041,0.104,0.331
53043,0.108,0.33
53045,0.105,0.327
53047,0.125,0.289
53049,0.125,0.353
53051,0.123,0.27
53053,0.084,0.31
53055,0.112,0.179
53057,0.099,0.284
53059,0.098,0.301
53061,0.083,0.286
53063,0.089,0.284
53065,0.114,0.303
53067,0.081,0.286
53069,0.131,0.334
53071,0.095,0.261
53073,0.083,0.233
53075,0.064,0.242
53077,0.113,0.291
54001,0.128,0.347
54003,0.106,0.357
54005,0.125,0.354
54007,0.135,0.312
54009,0.125,0.349
54011,0.118,0.333
54013,0.141,0.345
54015,0.14,0.363
54017,0.119,0.353
54019,0.137,0.345
54021,0.12,0.39
54023,0.13,0.369
54025,0.133,0.337
54027,0.133,0.337
54029,0.129,0.38
54031,0.135,0.357
54033,0.122,0.332
54035,0.123,0.305
54037,0.107,0.325
54039,0.13,0.317
54041,0.13,0.362
54043,0.132,0.405
54045,0.135,0.412
54047,0.159,0.401
54049,0.11,0.344
54051,0.124,0.325
54053,0.128,0.364
54055,0.137,0.339
54057,0.13,0.347
54059,0.129,0.405
54061,0.085,0.274
54063,0.133,0.318
54065,0.13,0.34
54067,0.127,0.356
54069,0.119,0.293
54071,0.141,0.353
54073,0.118,0.378
54075,0.139,0.322
54077,0.115,0.355
54079,0.106,0.325
54081,0.129,0.345
54083,0.124,0.356
54085,0.134,0.339
54087,0.139,0.37
54089,0.139,0.377
54091,0.12,0.364
54093,0.129,0.359
54095,0.126,0.342
54097,0.119,0.362
54099,0.133,0.38
54101,0.15,0.355
54103,0.132,0.333
54105,0.124,0.381
54107,0.125,0.341
54109,0.132,0.379
55001,0.121,0.313
55003,0.114,0.278
55005,0.1,0.334
55007,0.119,0.282
55009,0.085,0.272
55011,0.101,0.328
55013,0.126,0.288
55015,0.079,0.293
55017,0.09,0.285
55019,0.099,0.337
55021,0.087,0.334
55023,0.103,0.294
55025,0.074,0.222
55027,0.089,0.277
55029,0.11,0.278
55031,0.094,0.317
55033,0.082,0.297
55035,0.081,0.323
55037,0.115,0.339
55039,0.088,0.31
55041,0.12,0.319
55043,0.085,0.297
55045,0.088,0.309
55047,0.109,0.311
55049,0.09,0.277
55051,0.119,0.289
55053,0.104,0.325
55055,0.085,0.292
55057,0.107,0.339
55059,0.092,0.318
55061,0.094,0.347
55063,0.081,0.252
55065,0.092,0.328
55067,0.11,0.286
55069,0.099,0.315
55071,0.094,0.311
55073,0.087,0.295
55075,0.107,0.327
55077,0.11,0.333
55078,0.175,0.41
55079,0.108,0.31
55081,0.096,0.316
55083,0.097,0.286
55085,0.105,0.302
55087,0.082,0.32
55089,0.085,0.273
55091,0.106,0.324
55093,0.076,0.305
55095,0.1,0.297
55097,0.081,0.346
55099,0.114,0.322
55101,0.098,0.318
55103,0.103,0.328
55105,0.097,0.337
55107,0.117,0.316
55109,0.075,0.284
55111,0.093,0.303
55113,0.13,0.284
55115,0.105,0.334
55117,0.091,0.275
55119,0.102,0.342
55121,0.093,0.314
55123,0.104,0.341
55125,0.13,0.274
55127,0.086,0.269
55129,0.115,0.285
55131,0.082,0.295
55133,0.084,0.27
55135,0.096,0.258
55137,0.11,0.32
55139,0.086,0.281
55141,0.096,0.342
56001,0.068,0.211
56003,0.096,0.278
56005,0.064,0.336
56007,0.086,0.265
56009,0.08,0.284
56011,0.082,0.28
56013,0.098,0.26
56015,0.099,0.276
56017,0.106,0.252
56019,0.089,0.228
56021,0.085,0.282
56023,0.086,0.242
56025,0.073,0.281
56027,0.095,0.27
56029,0.083,0.245
56031,0.101,0.268
56033,0.087,0.245
56035,0.074,0.207
56037,0.076,0.292
56039,0.068,0.125
56041,0.083,0.296
56043,0.105,0.247
56045,0.091,0.294