county,state,count,,
100,1,,,257 rows deleted
35,1,27,,
11,1,32,,
25,1,35,,
129,1,43,,
119,1,44,,
63,1,49,,
37,1,49,,
99,1,50,,
131,1,55,,
41,1,55,,
67,1,55,,
111,1,60,,
87,1,63,,
27,1,69,,
105,1,70,,
91,1,74,,
85,1,77,,
109,1,81,,
13,1,87,,
29,1,88,,
17,1,93,,
107,1,94,,
5,1,98,,
65,1,105,,
23,1,109,,
7,1,139,,
75,1,141,,
39,1,152,,
133,1,153,,
93,1,188,,
61,1,189,,
123,1,198,,
19,1,200,,
31,1,209,,
45,1,214,,
57,1,238,,
21,1,273,,
77,1,275,,
53,1,288,,
51,1,291,,
81,1,295,,
59,1,300,,
33,1,301,,
 ,1,303,,
49,1,331,,
1,1,340,,
79,1,352,,
83,1,357,,
9,1,391,,
113,1,403,,
43,1,427,,
71,1,446,,
95,1,501,,
117,1,555,,
47,1,623,,
69,1,626,,
55,1,651,,
115,1,719,,
121,1,725,,
3,1,770,,
103,1,829,,
127,1,896,,
15,1,991,,
89,1,1040,,
125,1,1168,,
101,1,1669,,
97,1,1716,,
73,1,4630,,
60,2,,,
68,2,,,
282,2,,,
13,2,,,
16,2,11,,
100,2,12,,
 ,2,14,,
164,2,17,,
240,2,19,,
232,2,19,,
0,2,26,,
70,2,38,,
261,2,41,,
201,2,43,,
280,2,43,,
220,2,54,,
290,2,61,,
185,2,67,,
150,2,68,,
188,2,104,,
130,2,114,,
270,2,192,,
180,2,234,,
110,2,276,,
50,2,351,,
122,2,409,,
90,2,519,,
170,2,897,,
20,2,2002,,
 ,4,55,,
11,4,93,,
23,4,122,,
12,4,130,,
1,4,255,,
9,4,280,,
7,4,419,,
5,4,489,,
17,4,606,,
27,4,628,,
3,4,803,,
21,4,1203,,
25,4,1967,,
15,4,3186,,
19,4,6970,,
13,4,22860,,
13,5,23,,
41,5,25,,
39,5,29,,
101,5,34,,
73,5,35,,
129,5,41,,
61,5,41,,
1,5,44,,
109,5,47,,
95,5,48,,
25,5,48,,
105,5,49,,
107,5,49,,
77,5,50,,
127,5,52,,
21,5,52,,
97,5,56,,
79,5,56,,
117,5,57,,
17,5,58,,
11,5,58,,
141,5,59,,
99,5,59,,
43,5,60,,
81,5,63,,
75,5,65,,
133,5,68,,
19,5,70,,
37,5,73,,
65,5,76,,
121,5,77,,
53,5,79,,
87,5,81,,
149,5,83,,
137,5,92,,
47,5,97,,
29,5,101,,
113,5,102,,
147,5,102,,
49,5,104,,
57,5,104,,
15,5,106,,
89,5,110,,
135,5,118,,
27,5,121,,
103,5,134,,
83,5,136,,
67,5,141,,
55,5,142,,
23,5,149,,
123,5,149,,
111,5,160,,
 ,5,168,,
9,5,202,,
5,5,209,,
3,5,223,,
71,5,226,,
91,5,228,,
125,5,251,,
63,5,272,,
85,5,291,,
59,5,295,,
35,5,299,,
115,5,308,,
45,5,317,,
33,5,348,,
31,5,378,,
93,5,418,,
69,5,539,,
7,5,540,,
145,5,644,,
139,5,678,,
51,5,798,,
143,5,808,,
131,5,966,,
119,5,1561,,
3,6,,,
51,6,22,,
91,6,58,,
11,6,93,,
43,6,114,,
69,6,135,,
49,6,140,,
27,6,184,,
105,6,254,,
21,6,268,,
63,6,284,,
 ,6,402,,
5,6,473,,
35,6,500,,
25,6,509,,
9,6,514,,
111,6,546,,
41,6,581,,
93,6,806,,
55,6,806,,
15,6,860,,
31,6,860,,
101,6,873,,
109,6,878,,
39,6,984,,
79,6,993,,
57,6,1026,,
115,6,1041,,
81,6,1228,,
87,6,1240,,
53,6,1283,,
113,6,1364,,
83,6,1383,,
17,6,1391,,
61,6,1454,,
103,6,1458,,
33,6,1510,,
45,6,1900,,
47,6,1927,,
85,6,2169,,
23,6,2323,,
107,6,2502,,
75,6,2670,,
95,6,3096,,
97,6,3223,,
99,6,3447,,
19,6,3538,,
13,6,3542,,
7,6,3585,,
59,6,4257,,
89,6,4607,,
77,6,5101,,
1,6,5740,,
65,6,5774,,
29,6,5848,,
71,6,7226,,
73,6,7681,,
67,6,10227,,
37,6,16600,,
 ,8,,,
0,8,24,,
13,8,515,,
7,8,905,,
5,8,1135,,
15,8,1430,,
1,8,2020,,
11,8,2881,,
9,8,5580,,
3,8,6257,,
0,9,71,,
1,9,660,,
5,9,1674,,
3,9,4950,,
 ,10,,,
0,10,19,,
1,10,13589,,
43,12,30,,
67,12,32,,
77,12,35,,
65,12,53,,
79,12,57,,
13,12,67,,
47,12,72,,
27,12,78,,
37,12,81,,
125,12,92,,
3,12,111,,
49,12,120,,
45,12,122,,
123,12,134,,
41,12,137,,
999,12,142,,
59,12,154,,
87,12,156,,
51,12,161,,
39,12,167,,
129,12,172,,
29,12,186,,
121,12,209,,
63,12,216,,
35,12,216,,
7,12,245,,
133,12,246,,
55,12,287,,
131,12,290,,
75,12,299,,
93,12,310,,
 ,12,330,,
89,12,330,,
23,12,350,,
85,12,357,,
61,12,386,,
119,12,396,,
109,12,431,,
117,12,532,,
107,12,549,,
53,12,571,,
21,12,583,,
15,12,593,,
73,12,614,,
81,12,631,,
97,12,633,,
115,12,672,,
111,12,775,,
19,12,792,,
113,12,967,,
17,12,1057,,
91,12,1094,,
5,12,1121,,
1,12,1232,,
69,12,1384,,
99,12,1471,,
95,12,1876,,
83,12,2035,,
33,12,2165,,
101,12,2201,,
127,12,2339,,
11,12,2679,,
105,12,3013,,
71,12,3195,,
9,12,3470,,
103,12,3906,,
25,12,4226,,
57,12,4787,,
31,12,4990,,
239,13,12,,
249,13,16,,
307,13,16,,
201,13,16,,
61,13,18,,
309,13,20,,
7,13,20,,
53,13,22,,
197,13,22,,
101,13,22,,
181,13,26,,
125,13,26,,
235,13,26,,
155,13,26,,
253,13,26,,
265,13,28,,
259,13,28,,
165,13,28,,
243,13,34,,
209,13,36,,
5,13,36,,
281,13,36,,
37,13,40,,
93,13,40,,
49,13,40,,
23,13,42,,
315,13,44,,
221,13,44,,
163,13,46,,
263,13,46,,
99,13,48,,
301,13,50,,
65,13,52,,
241,13,52,,
283,13,54,,
161,13,54,,
183,13,56,,
193,13,56,,
289,13,60,,
269,13,60,,
231,13,62,,
171,13,62,,
173,13,62,,
191,13,62,,
271,13,62,,
141,13,62,,
237,13,64,,
219,13,64,,
79,13,64,,
145,13,70,,
 ,13,72,,
3,13,72,,
43,13,78,,
33,13,78,,
273,13,80,,
149,13,80,,
287,13,80,,
251,13,82,,
17,13,84,,
291,13,86,,
177,13,86,,
211,13,86,,
109,13,88,,
91,13,88,,
1,13,90,,
317,13,94,,
167,13,94,,
147,13,96,,
179,13,96,,
207,13,98,,
85,13,98,,
319,13,100,,
169,13,102,,
83,13,104,,
87,13,104,,
159,13,106,,
75,13,110,,
81,13,112,,
199,13,114,,
113,13,118,,
119,13,122,,
303,13,126,,
25,13,128,,
11,13,132,,
39,13,134,,
123,13,136,,
279,13,138,,
229,13,140,,
107,13,142,,
267,13,142,,
29,13,150,,
103,13,156,,
9,13,156,,
19,13,158,,
321,13,158,,
227,13,162,,
105,13,164,,
133,13,168,,
27,13,174,,
261,13,186,,
293,13,188,,
35,13,188,,
257,13,190,,
111,13,196,,
187,13,200,,
225,13,202,,
255,13,206,,
247,13,210,,
189,13,212,,
137,13,214,,
205,13,214,,
69,13,220,,
195,13,238,,
117,13,246,,
305,13,248,,
127,13,252,,
131,13,264,,
299,13,268,,
311,13,290,,
73,13,300,,
31,13,300,,
277,13,330,,
157,13,348,,
47,13,362,,
285,13,396,,
143,13,408,,
55,13,412,,
297,13,412,,
175,13,442,,
57,13,450,,
77,13,470,,
71,13,484,,
59,13,488,,
151,13,496,,
217,13,522,,
213,13,562,,
185,13,564,,
295,13,570,,
223,13,570,,
275,13,634,,
13,13,656,,
129,13,688,,
153,13,726,,
97,13,736,,
313,13,874,,
15,13,936,,
21,13,948,,
233,13,948,,
139,13,954,,
95,13,994,,
135,13,1004,,
51,13,1028,,
45,13,1068,,
215,13,1204,,
245,13,1234,,
63,13,1282,,
115,13,1702,,
67,13,1872,,
89,13,2064,,
121,13,3226,,
999,13,,,
 ,15,40,,
7,15,229,,
9,15,976,,
1,15,1886,,
3,15,3972,,
 ,17,,,
151,17,15,,
155,17,16,,
69,17,18,,
171,17,27,,
13,17,31,,
47,17,35,,
9,17,35,,
133,17,43,,
85,17,44,,
65,17,45,,
71,17,47,,
169,17,47,,
175,17,51,,
15,17,54,,
59,17,60,,
153,17,66,,
131,17,70,,
189,17,72,,
79,17,75,,
147,17,80,,
27,17,83,,
67,17,88,,
35,17,92,,
101,17,94,,
53,17,95,,
191,17,97,,
17,17,98,,
139,17,99,,
87,17,101,,
129,17,101,,
123,17,103,,
33,17,110,,
3,17,110,,
25,17,118,,
203,17,121,,
23,17,127,,
193,17,129,,
41,17,139,,
149,17,144,,
63,17,148,,
127,17,156,,
39,17,162,,
5,17,163,,
61,17,163,,
51,17,167,,
125,17,173,,
157,17,189,,
181,17,197,,
105,17,198,,
187,17,202,,
45,17,205,,
185,17,210,,
145,17,213,,
11,17,222,,
159,17,223,,
49,17,223,,
177,17,230,,
75,17,239,,
173,17,241,,
83,17,247,,
93,17,254,,
0,17,259,,
137,17,289,,
109,17,310,,
165,17,310,,
135,17,317,,
195,17,318,,
57,17,336,,
73,17,343,,
7,17,357,,
107,17,399,,
103,17,435,,
141,17,443,,
21,17,479,,
117,17,504,,
37,17,550,,
55,17,565,,
95,17,583,,
81,17,610,,
99,17,623,,
77,17,649,,
91,17,684,,
121,17,707,,
111,17,710,,
29,17,731,,
179,17,734,,
1,17,771,,
161,17,792,,
199,17,818,,
163,17,959,,
19,17,986,,
113,17,998,,
183,17,1041,,
97,17,1169,,
115,17,1295,,
89,17,1378,,
197,17,1521,,
143,17,1595,,
43,17,1727,,
167,17,2792,,
119,17,2824,,
201,17,3046,,
31,17,13461,,
999,18,,,
115,18,15,,
159,18,34,,
 ,18,40,,
161,18,43,,
171,18,48,,
7,18,56,,
73,18,63,,
111,18,66,,
165,18,73,,
121,18,84,,
139,18,87,,
15,18,88,,
155,18,90,,
153,18,90,,
45,18,94,,
131,18,98,,
101,18,98,,
49,18,100,,
13,18,100,,
9,18,103,,
87,18,105,,
137,18,107,,
147,18,109,,
181,18,110,,
55,18,114,,
83,18,114,,
179,18,115,,
129,18,119,,
29,18,125,,
31,18,129,,
119,18,135,,
183,18,137,,
51,18,141,,
125,18,149,,
1,18,150,,
25,18,156,,
117,18,163,,
75,18,169,,
99,18,172,,
47,18,178,,
27,18,182,,
133,18,188,,
33,18,196,,
173,18,197,,
69,18,203,,
11,18,213,,
135,18,222,,
21,18,223,,
23,18,229,,
123,18,232,,
149,18,232,,
113,18,234,,
93,18,235,,
169,18,242,,
175,18,249,,
65,18,261,,
61,18,279,,
63,18,280,,
41,18,280,,
43,18,284,,
59,18,284,,
107,18,285,,
37,18,287,,
143,18,311,,
151,18,315,,
103,18,347,,
77,18,348,,
19,18,350,,
145,18,353,,
57,18,369,,
85,18,374,,
17,18,374,,
79,18,382,,
67,18,421,,
105,18,423,,
71,18,467,,
177,18,529,,
109,18,554,,
81,18,619,,
127,18,677,,
167,18,679,,
5,18,718,,
91,18,768,,
53,18,833,,
157,18,980,,
35,18,983,,
95,18,1011,,
141,18,1431,,
163,18,1533,,
39,18,1959,,
3,18,1983,,
89,18,2108,,
97,18,6633,,
 ,19,,,
93,19,,,
143,19,,,
159,19,11,,
119,19,12,,
51,19,13,,
3,19,13,,
151,19,13,,
173,19,14,,
75,19,15,,
131,19,16,,
147,19,18,,
9,19,18,,
107,19,18,,
189,19,19,,
185,19,19,,
167,19,19,,
121,19,20,,
69,19,20,,
161,19,21,,
53,19,21,,
115,19,22,,
195,19,23,,
1,19,23,,
71,19,23,,
177,19,23,,
165,19,23,,
91,19,23,,
89,19,25,,
135,19,26,,
81,19,26,,
191,19,28,,
55,19,28,,
31,19,29,,
21,19,30,,
25,19,31,,
157,19,31,,
39,19,32,,
37,19,32,,
73,19,33,,
95,19,33,,
35,19,34,,
59,19,35,,
149,19,36,,
77,19,36,,
43,19,37,,
63,19,39,,
23,19,39,,
109,19,40,,
129,19,41,,
141,19,41,,
171,19,41,,
133,19,41,,
17,19,42,,
105,19,42,,
79,19,43,,
197,19,45,,
137,19,46,,
47,19,47,,
41,19,49,,
101,19,49,,
67,19,49,,
29,19,49,,
5,19,49,,
19,19,49,,
117,19,52,,
175,19,55,,
97,19,56,,
183,19,57,,
181,19,57,,
11,19,58,,
83,19,60,,
27,19,62,,
85,19,64,,
7,19,72,,
49,19,72,,
125,19,79,,
123,19,84,,
65,19,99,,
15,19,99,,
139,19,137,,
179,19,149,,
145,19,150,,
57,19,164,,
99,19,167,,
61,19,170,,
87,19,203,,
169,19,216,,
33,19,236,,
127,19,237,,
45,19,242,,
103,19,265,,
111,19,326,,
187,19,358,,
155,19,505,,
193,19,519,,
113,19,574,,
13,19,696,,
163,19,703,,
153,19,1302,,
999,21,,,
201,21,41,,
57,21,42,,
171,21,45,,
225,21,56,,
105,21,61,,
233,21,74,,
53,21,75,,
213,21,78,,
229,21,82,,
123,21,84,,
143,21,85,,
169,21,85,,
39,21,94,,
7,21,96,,
139,21,103,,
103,21,103,,
35,21,105,,
223,21,107,,
187,21,109,,
215,21,112,,
219,21,116,,
185,21,122,,
55,21,127,,
91,21,128,,
181,21,129,,
31,21,129,,
3,21,132,,
61,21,133,,
75,21,140,,
45,21,142,,
79,21,148,,
207,21,151,,
27,21,152,,
155,21,152,,
161,21,153,,
77,21,153,,
87,21,156,,
167,21,163,,
163,21,170,,
99,21,171,,
211,21,176,,
97,21,177,,
145,21,177,,
221,21,180,,
23,21,184,,
63,21,184,,
189,21,189,,
21,21,194,,
141,21,195,,
165,21,196,,
5,21,198,,
1,21,209,,
131,21,212,,
33,21,225,,
239,21,235,,
137,21,238,,
203,21,247,,
191,21,248,,
129,21,269,,
9,21,273,,
41,21,274,,
231,21,281,,
147,21,293,,
107,21,302,,
69,21,303,,
237,21,307,,
135,21,310,,
127,21,350,,
153,21,351,,
101,21,354,,
17,21,359,,
159,21,359,,
183,21,360,,
175,21,376,,
93,21,383,,
11,21,387,,
 ,21,399,,
109,21,430,,
25,21,432,,
205,21,438,,
89,21,440,,
115,21,443,,
119,21,468,,
29,21,500,,
95,21,517,,
149,21,523,,
85,21,528,,
197,21,530,,
47,21,530,,
65,21,533,,
81,21,539,,
217,21,564,,
43,21,571,,
133,21,572,,
13,21,582,,
173,21,587,,
199,21,632,,
51,21,642,,
193,21,659,,
179,21,668,,
113,21,671,,
73,21,702,,
49,21,731,,
177,21,733,,
209,21,734,,
15,21,796,,
83,21,892,,
157,21,924,,
227,21,939,,
151,21,941,,
19,21,1025,,
37,21,1106,,
235,21,1229,,
121,21,1351,,
125,21,1576,,
195,21,1582,,
71,21,1632,,
59,21,1763,,
117,21,2279,,
67,21,2789,,
111,21,7205,,
999,22,12,,
999,22,12,,
35,22,28,,
35,22,28,,
107,22,32,,
107,22,32,,
23,22,48,,
125,22,48,,
23,22,48,,
125,22,48,,
65,22,72,,
65,22,72,,
91,22,96,,
 ,22,96,,
91,22,96,,
 ,22,96,,
123,22,112,,
123,22,112,,
81,22,132,,
81,22,132,,
21,22,160,,
21,22,160,,
41,22,184,,
41,22,184,,
49,22,216,,
49,22,216,,
25,22,224,,
25,22,224,,
93,22,240,,
93,22,240,,
29,22,252,,
29,22,252,,
59,22,264,,
59,22,264,,
111,22,268,,
111,22,268,,
37,22,292,,
37,22,292,,
13,22,336,,
13,22,336,,
85,22,352,,
85,22,352,,
83,22,368,,
83,22,368,,
77,22,400,,
77,22,400,,
53,22,404,,
53,22,404,,
115,22,420,,
115,22,420,,
11,22,432,,
11,22,432,,
121,22,440,,
27,22,440,,
121,22,440,,
27,22,440,,
69,22,456,,
69,22,456,,
31,22,460,,
31,22,460,,
75,22,468,,
75,22,468,,
3,22,476,,
3,22,476,,
127,22,516,,
127,22,516,,
95,22,556,,
95,22,556,,
89,22,616,,
89,22,616,,
47,22,728,,
47,22,728,,
7,22,784,,
7,22,784,,
43,22,808,,
43,22,808,,
113,22,824,,
113,22,824,,
61,22,884,,
61,22,884,,
9,22,1008,,
9,22,1008,,
67,22,1124,,
67,22,1124,,
119,22,1128,,
119,22,1128,,
1,22,1160,,
1,22,1160,,
99,22,1276,,
99,22,1276,,
87,22,1288,,
87,22,1288,,
39,22,1500,,
39,22,1500,,
101,22,1652,,
101,22,1652,,
105,22,1912,,
105,22,1912,,
117,22,2096,,
117,22,2096,,
5,22,2156,,
5,22,2156,,
15,22,2180,,
15,22,2180,,
97,22,2204,,
97,22,2204,,
45,22,2408,,
45,22,2408,,
73,22,2852,,
73,22,2852,,
103,22,2948,,
103,22,2948,,
57,22,2968,,
57,22,2968,,
109,22,3712,,
109,22,3712,,
55,22,4524,,
55,22,4524,,
63,22,4612,,
63,22,4612,,
19,22,4756,,
19,22,4756,,
79,22,4916,,
79,22,4916,,
17,22,6556,,
17,22,6556,,
33,22,6716,,
33,22,6716,,
51,22,8020,,
51,22,8020,,
71,22,9504,,
71,22,9504,,
 ,23,25,,
999,23,192,,
21,23,419,,
15,23,601,,
23,23,620,,
27,23,719,,
29,23,797,,
9,23,807,,
13,23,813,,
7,23,953,,
25,23,1218,,
17,23,1399,,
3,23,2398,,
11,23,2677,,
19,23,3492,,
5,23,3706,,
31,23,3789,,
1,23,4256,,
 ,25,,,
0,25,36,,
29,25,119,,
47,25,199,,
41,25,228,,
39,25,239,,
35,25,246,,
23,25,290,,
27,25,311,,
17,25,342,,
37,25,357,,
11,25,381,,
9,25,383,,
13,25,396,,
19,25,434,,
31,25,634,,
1,25,639,,
45,25,643,,
21,25,786,,
25,25,822,,
15,25,866,,
43,25,1103,,
33,25,1470,,
3,25,1959,,
5,25,3290,,
510,25,6502,,
999,26,,,
19,26,14,,
 ,26,69,,
7,26,73,,
0,26,229,,
11,26,781,,
15,26,793,,
1,26,1580,,
3,26,1678,,
21,26,2225,,
23,26,2754,,
13,26,4328,,
9,26,4805,,
25,26,4921,,
17,26,5794,,
27,26,6489,,
5,26,6892,,
 ,28,,,
155,28,29,,
999,28,29,,
69,28,34,,
125,28,38,,
31,28,41,,
81,28,43,,
133,28,46,,
77,28,48,,
101,28,51,,
11,28,57,,
107,28,57,,
73,28,60,,
149,28,62,,
117,28,67,,
167,28,68,,
89,28,70,,
63,28,73,,
165,28,76,,
135,28,80,,
33,28,85,,
75,28,86,,
51,28,87,,
105,28,90,,
173,28,94,,
143,28,117,,
71,28,121,,
23,28,131,,
29,28,135,,
55,28,140,,
129,28,157,,
121,28,158,,
43,28,161,,
39,28,165,,
159,28,166,,
87,28,168,,
151,28,169,,
45,28,172,,
157,28,175,,
161,28,185,,
103,28,192,,
113,28,193,,
127,28,194,,
79,28,214,,
153,28,239,,
57,28,253,,
93,28,264,,
91,28,278,,
83,28,289,,
19,28,290,,
97,28,312,,
65,28,316,,
85,28,331,,
1,28,335,,
99,28,339,,
119,28,345,,
47,28,346,,
131,28,350,,
49,28,361,,
15,28,366,,
169,28,389,,
17,28,402,,
25,28,423,,
147,28,435,,
13,28,469,,
115,28,477,,
95,28,482,,
67,28,507,,
9,28,530,,
21,28,564,,
27,28,580,,
5,28,582,,
41,28,591,,
141,28,653,,
61,28,676,,
111,28,720,,
139,28,800,,
59,28,803,,
7,28,844,,
163,28,966,,
109,28,1052,,
171,28,1158,,
35,28,1189,,
145,28,1373,,
37,28,2264,,
137,28,3254,,
3,28,3261,,
123,28,5881,,
53,28,12520,,
55,29,,,
143,29,,,
0,29,12,,
103,29,20,,
125,29,21,,
37,29,23,,
157,29,26,,
21,29,26,,
155,29,26,,
25,29,32,,
53,29,32,,
135,29,34,,
97,29,34,,
129,29,35,,
41,29,38,,
19,29,39,,
119,29,40,,
61,29,42,,
71,29,43,,
63,29,44,,
9,29,46,,
13,29,46,,
15,29,47,,
147,29,50,,
69,29,51,,
23,29,52,,
5,29,52,,
87,29,53,,
133,29,54,,
111,29,57,,
161,29,61,,
145,29,67,,
79,29,67,,
65,29,68,,
31,29,68,,
153,29,70,,
17,29,71,,
105,29,72,,
77,29,72,,
131,29,74,,
27,29,75,,
43,29,77,,
107,29,80,,
159,29,82,,
51,29,83,,
29,29,83,,
137,29,87,,
11,29,88,,
101,29,92,,
127,29,95,,
123,29,97,,
95,29,104,,
1,29,105,,
 ,29,107,,
117,29,107,,
139,29,108,,
7,29,113,,
151,29,125,,
33,29,125,,
57,29,127,,
113,29,138,,
39,29,139,,
163,29,139,,
85,29,141,,
45,29,150,,
93,29,151,,
89,29,153,,
91,29,162,,
67,29,189,,
73,29,199,,
99,29,201,,
115,29,206,,
141,29,231,,
149,29,265,,
3,29,282,,
81,29,315,,
109,29,381,,
121,29,382,,
83,29,416,,
35,29,426,,
75,29,569,,
59,29,720,,
49,29,732,,
47,29,1328,,
 ,30,,,
227,30,,,
129,30,12,,
87,30,13,,
5,30,15,,
999,30,15,,
75,30,16,,
103,30,19,,
81,30,25,,
197,30,25,,
171,30,27,,
33,30,33,,
211,30,37,,
205,30,38,,
25,30,40,,
45,30,41,,
63,30,43,,
137,30,48,,
3,30,49,,
151,30,49,,
147,30,49,,
61,30,49,,
89,30,53,,
173,30,54,,
41,30,55,,
79,30,55,,
199,30,56,,
35,30,58,,
111,30,60,,
57,30,61,,
121,30,64,,
53,30,66,,
49,30,71,,
125,30,76,,
135,30,76,,
153,30,76,,
179,30,87,,
85,30,87,,
1,30,88,,
115,30,88,,
157,30,89,,
73,30,92,,
186,30,97,,
139,30,116,,
67,30,116,,
17,30,118,,
155,30,127,,
185,30,128,,
133,30,129,,
203,30,132,,
195,30,136,,
177,30,139,,
223,30,141,,
123,30,145,,
181,30,145,,
7,30,149,,
93,30,160,,
119,30,160,,
65,30,169,,
11,30,171,,
143,30,172,,
107,30,176,,
59,30,178,,
101,30,181,,
225,30,186,,
13,30,192,,
229,30,200,,
149,30,201,,
39,30,203,,
117,30,206,,
163,30,218,,
219,30,223,,
15,30,225,,
207,30,233,,
209,30,244,,
83,30,249,,
27,30,261,,
105,30,266,,
43,30,281,,
215,30,282,,
69,30,285,,
217,30,293,,
141,30,302,,
165,30,303,,
169,30,307,,
175,30,318,,
55,30,324,,
127,30,357,,
37,30,358,,
167,30,365,,
131,30,370,,
201,30,378,,
9,30,392,,
213,30,404,,
23,30,421,,
109,30,441,,
159,30,450,,
145,30,455,,
51,30,487,,
31,30,489,,
29,30,541,,
161,30,548,,
113,30,564,,
221,30,605,,
183,30,606,,
71,30,728,,
19,30,728,,
91,30,803,,
21,30,856,,
47,30,997,,
99,30,1111,,
187,30,1322,,
97,30,1374,,
77,30,1700,,
189,30,2434,,
510,30,3289,,
95,30,5345,,
57,31,,,
11,31,,,
107,31,,,
79,31,,,
999,31,,,
45,31,,,
51,31,,,
39,31,,,
19,31,,,
33,31,,,
37,31,,,
0,31,,,
59,31,,,
55,31,,,
25,31,,,
97,31,,,
15,31,,,
91,31,,,
99,31,,,
71,31,,,
7,31,16,,
61,31,16,,
 ,31,16,,
95,31,17,,
65,31,17,,
77,31,17,,
105,31,19,,
21,31,19,,
101,31,20,,
9,31,21,,
27,31,22,,
73,31,22,,
83,31,23,,
1,31,24,,
5,31,26,,
87,31,28,,
43,31,37,,
85,31,37,,
89,31,50,,
3,31,56,,
17,31,62,,
23,31,62,,
67,31,68,,
41,31,69,,
35,31,77,,
81,31,122,,
53,31,162,,
47,31,190,,
31,31,191,,
13,31,288,,
49,31,289,,
93,31,303,,
63,31,504,,
29,31,572,,
111,31,741,,
71,32,,,
115,32,,,
9,32,,,
171,32,,,
73,32,,,
103,32,,,
91,32,,,
7,32,,,
149,32,,,
31,32,,,
15,32,,,
163,32,,,
63,32,,,
51,32,,,
27,32,,,
113,32,,,
29,32,,,
85,32,,,
167,32,,,
 ,32,,,
77,32,,,
175,32,,,
69,32,,,
49,32,,,
17,32,,,
57,32,,,
161,32,,,
11,32,,,
143,32,,,
23,32,,,
83,32,,,
39,32,,,
61,32,,,
137,32,,,
65,32,11,,
45,32,11,,
97,32,11,,
37,32,11,,
133,32,12,,
87,32,12,,
35,32,12,,
123,32,13,,
21,32,13,,
107,32,13,,
179,32,13,,
99,32,13,,
81,32,14,,
125,32,14,,
139,32,14,,
169,32,14,,
59,32,15,,
127,32,15,,
181,32,16,,
33,32,16,,
129,32,17,,
93,32,18,,
173,32,19,,
41,32,19,,
3,32,21,,
105,32,22,,
89,32,24,,
43,32,26,,
177,32,27,,
121,32,28,,
95,32,29,,
159,32,29,,
141,32,31,,
147,32,32,,
47,32,32,,
145,32,32,,
151,32,34,,
101,32,35,,
131,32,39,,
119,32,57,,
185,32,60,,
13,32,66,,
155,32,66,,
25,32,76,,
1,32,97,,
53,32,112,,
19,32,112,,
0,32,117,,
157,32,144,,
67,32,167,,
111,32,172,,
153,32,216,,
79,32,238,,
109,32,1451,,
55,32,1479,,
11,33,,,
9,33,,,
17,33,,,
27,33,,,
15,33,,,
 ,33,,,
21,33,13,,
831,33,16,,
33,33,17,,
13,33,23,,
0,33,67,,
803,33,77,,
5,33,97,,
1,33,157,,
7,33,163,,
23,33,168,,
19,33,200,,
510,33,282,,
731,33,566,,
703,33,1941,,
 ,34,,,
0,34,93,,
5,34,152,,
19,34,163,,
3,34,172,,
7,34,176,,
9,34,260,,
1,34,292,,
15,34,469,,
17,34,844,,
13,34,867,,
11,34,1756,,
19,35,110,,
 ,35,132,,
41,35,199,,
9,35,256,,
35,35,292,,
33,35,308,,
37,35,315,,
27,35,351,,
5,35,687,,
15,35,730,,
3,35,746,,
1,35,876,,
25,35,944,,
11,35,968,,
39,35,977,,
23,35,1008,,
21,35,1184,,
17,35,1305,,
31,35,1475,,
29,35,1493,,
7,35,1955,,
13,35,3420,,
21,36,,,
 ,36,,,
28,36,,,
3,36,11,,
59,36,12,,
11,36,20,,
19,36,24,,
23,36,24,,
33,36,31,,
51,36,56,,
6,36,64,,
27,36,79,,
37,36,86,,
29,36,95,,
31,36,101,,
41,36,102,,
53,36,109,,
57,36,112,,
17,36,112,,
7,36,116,,
25,36,178,,
35,36,191,,
55,36,192,,
15,36,230,,
43,36,245,,
5,36,261,,
9,36,266,,
47,36,287,,
61,36,290,,
39,36,333,,
45,36,356,,
49,36,461,,
13,36,1000,,
1,36,2266,,
 ,37,17,,
41,37,47,,
79,37,117,,
49,37,206,,
97,37,212,,
999,37,217,,
95,37,287,,
121,37,291,,
123,37,312,,
99,37,325,,
25,37,326,,
107,37,365,,
77,37,372,,
37,37,411,,
31,37,441,,
21,37,466,,
17,37,487,,
53,37,490,,
73,37,490,,
87,37,496,,
51,37,500,,
39,37,502,,
43,37,509,,
23,37,540,,
33,37,599,,
3,37,655,,
45,37,702,,
117,37,705,,
109,37,718,,
115,37,728,,
113,37,749,,
105,37,750,,
69,37,878,,
19,37,993,,
15,37,1010,,
101,37,1019,,
11,37,1025,,
57,37,1050,,
27,37,1078,,
9,37,1085,,
89,37,1224,,
111,37,1347,,
91,37,1436,,
35,37,1452,,
71,37,1696,,
75,37,1896,,
83,37,1944,,
5,37,2171,,
119,37,2178,,
93,37,2211,,
65,37,2421,,
13,37,2551,,
1,37,2640,,
59,37,2673,,
63,37,2706,,
67,37,4238,,
103,37,5737,,
55,37,5968,,
29,37,9361,,
61,37,47872,,
 ,38,,,
95,38,21,,
177,38,23,,
73,38,33,,
29,38,41,,
187,38,52,,
137,38,84,,
149,38,84,,
5,38,85,,
79,38,97,,
143,38,97,,
199,38,99,,
185,38,111,,
91,38,113,,
41,38,118,,
43,38,119,,
121,38,119,,
103,38,121,,
53,38,129,,
131,38,137,,
75,38,140,,
9,38,149,,
189,38,155,,
11,38,161,,
37,38,162,,
175,38,165,,
55,38,169,,
117,38,171,,
7,38,177,,
115,38,179,,
15,38,183,,
59,38,189,,
33,38,190,,
113,38,207,,
197,38,222,,
77,38,249,,
123,38,254,,
173,38,264,,
163,38,292,,
181,38,292,,
169,38,305,,
3,38,307,,
13,38,320,,
139,38,323,,
93,38,324,,
39,38,336,,
141,38,353,,
165,38,364,,
69,38,372,,
135,38,377,,
83,38,383,,
145,38,388,,
61,38,397,,
31,38,402,,
17,38,430,,
193,38,452,,
125,38,464,,
167,38,484,,
105,38,488,,
107,38,493,,
179,38,498,,
99,38,501,,
153,38,544,,
195,38,547,,
65,38,586,,
191,38,616,,
111,38,650,,
49,38,655,,
47,38,727,,
89,38,755,,
127,38,775,,
171,38,783,,
63,38,785,,
85,38,794,,
101,38,859,,
27,38,891,,
147,38,924,,
157,38,943,,
151,38,1010,,
25,38,1016,,
1,38,1041,,
109,38,1058,,
133,38,1068,,
87,38,1080,,
19,38,1133,,
23,38,1158,,
159,38,1192,,
97,38,1216,,
161,38,1243,,
35,38,1277,,
45,38,1362,,
67,38,1503,,
129,38,1551,,
57,38,1555,,
155,38,1576,,
81,38,1759,,
21,38,1800,,
183,38,2024,,
51,38,2410,,
71,38,2416,,
119,38,2799,,
33,39,,,
11,39,,,
27,39,,,
41,39,,,
37,39,,,
65,39,,,
1,39,,,
23,39,,,
39,39,,,
81,39,,,
13,39,,,
29,39,,,
21,39,,,
45,39,,,
31,39,,,
91,39,,,
25,39,,,
51,39,,,
95,39,,,
47,39,,,
63,39,,,
83,39,,,
73,39,,,
103,39,,,
75,39,,,
43,39,,,
19,39,,,
97,39,,,
9,39,12,,
99,39,12,,
67,39,13,,
49,39,13,,
55,39,13,,
69,39,14,,
61,39,14,,
85,39,15,,
53,39,18,,
57,39,18,,
3,39,32,,
77,39,42,,
89,39,58,,
71,39,68,,
105,39,82,,
59,39,89,,
93,39,91,,
5,39,109,,
79,39,118,,
35,39,148,,
101,39,164,,
15,39,182,,
17,39,304,,
 ,41,72,,
121,41,130,,
111,41,134,,
175,41,154,,
137,41,157,,
69,41,245,,
161,41,272,,
107,41,273,,
115,41,287,,
55,41,290,,
123,41,304,,
171,41,304,,
75,41,307,,
159,41,319,,
163,41,335,,
67,41,359,,
19,41,374,,
125,41,393,,
11,41,402,,
51,41,416,,
117,41,423,,
135,41,429,,
73,41,460,,
91,41,463,,
65,41,466,,
21,41,481,,
33,41,517,,
105,41,547,,
5,41,549,,
63,41,567,,
97,41,568,,
1,41,570,,
167,41,576,,
31,41,593,,
37,41,600,,
147,41,602,,
39,41,621,,
53,41,658,,
131,41,667,,
173,41,695,,
79,41,713,,
149,41,722,,
83,41,752,,
143,41,758,,
41,41,775,,
27,41,784,,
165,41,810,,
47,41,860,,
77,41,860,,
15,41,891,,
13,41,907,,
109,41,972,,
59,41,1013,,
127,41,1042,,
129,41,1063,,
3,41,1083,,
103,41,1105,,
29,41,1157,,
87,41,1162,,
71,41,1248,,
9,41,1276,,
169,41,1277,,
145,41,1280,,
139,41,1282,,
101,41,1321,,
133,41,1374,,
43,41,1389,,
45,41,1454,,
999,41,1539,,
81,41,1542,,
85,41,1607,,
141,41,1688,,
57,41,1689,,
7,41,1786,,
157,41,1921,,
25,41,2005,,
155,41,2629,,
23,41,2891,,
89,41,3000,,
99,41,3002,,
119,41,3013,,
93,41,3916,,
17,41,4094,,
151,41,5215,,
153,41,6910,,
113,41,7117,,
95,41,7729,,
61,41,9558,,
49,41,14909,,
35,41,15726,,
25,42,,,
129,42,,,
999,42,,,
43,42,,,
59,42,11,,
7,42,14,,
57,42,18,,
139,42,18,,
93,42,18,,
45,42,19,,
3,42,31,,
53,42,33,,
151,42,36,,
33,42,38,,
85,42,45,,
149,42,46,,
29,42,49,,
73,42,50,,
55,42,50,,
141,42,53,,
67,42,55,,
77,42,57,,
11,42,61,,
103,42,63,,
63,42,67,,
39,42,72,,
75,42,74,,
105,42,78,,
99,42,82,,
127,42,95,,
69,42,108,,
95,42,112,,
15,42,114,,
107,42,119,,
61,42,126,,
0,42,143,,
35,42,145,,
9,42,152,,
91,42,154,,
153,42,158,,
 ,42,159,,
5,42,163,,
117,42,164,,
133,42,172,,
137,42,175,,
49,42,176,,
23,42,188,,
89,42,201,,
81,42,206,,
1,42,209,,
113,42,223,,
87,42,251,,
83,42,261,,
51,42,265,,
115,42,313,,
65,42,330,,
121,42,332,,
123,42,335,,
17,42,365,,
97,42,372,,
21,42,373,,
145,42,383,,
13,42,396,,
125,42,413,,
41,42,436,,
71,42,475,,
119,42,479,,
131,42,495,,
47,42,496,,
111,42,512,,
147,42,520,,
135,42,537,,
79,42,639,,
37,42,651,,
19,42,663,,
31,42,867,,
101,42,909,,
27,42,1433,,
143,42,5011,,
109,42,5423,,
0,43,,,
999,43,,,
69,43,,,
55,43,12,,
21,43,15,,
 ,43,21,,
37,43,46,,
23,43,52,,
25,43,52,,
49,43,67,,
63,43,68,,
27,43,88,,
1,43,130,,
15,43,163,,
31,43,167,,
57,43,232,,
61,43,270,,
45,43,325,,
65,43,335,,
3,43,336,,
7,43,352,,
13,43,369,,
59,43,489,,
9,43,535,,
53,43,600,,
11,43,667,,
41,43,733,,
35,43,758,,
71,43,857,,
33,43,1169,,
17,43,1274,,
19,43,1548,,
43,43,1555,,
67,43,1824,,
29,43,2126,,
5,43,2527,,
47,43,2709,,
39,43,3361,,
51,43,7637,,
53,45,16,,
113,45,30,,
23,45,44,,
5,45,53,,
63,45,64,,
99,45,68,,
105,45,79,,
57,45,88,,
93,45,97,,
67,45,100,,
19,45,114,,
125,45,118,,
119,45,120,,
7,45,124,,
1,45,138,,
75,45,143,,
109,45,150,,
51,45,155,,
123,45,156,,
9,45,159,,
31,45,164,,
59,45,165,,
115,45,179,,
131,45,180,,
103,45,206,,
111,45,215,,
35,45,217,,
117,45,243,,
127,45,246,,
41,45,274,,
61,45,274,,
47,45,285,,
129,45,290,,
43,45,294,,
65,45,298,,
39,45,317,,
87,45,348,,
21,45,352,,
37,45,357,,
33,45,374,,
55,45,379,,
73,45,382,,
29,45,397,,
25,45,432,,
83,45,460,,
27,45,496,,
13,45,498,,
15,45,513,,
97,45,579,,
121,45,588,,
89,45,626,,
85,45,689,,
95,45,699,,
133,45,815,,
107,45,841,,
91,45,852,,
3,45,1008,,
11,45,1013,,
17,45,1055,,
81,45,1085,,
69,45,1205,,
77,45,1207,,
45,45,1208,,
 ,45,1308,,
71,45,1559,,
49,45,1767,,
79,45,1912,,
101,45,4816,,
 ,48,,,
5,48,12,,
65,48,32,,
9,48,54,,
37,48,61,,
11,48,69,,
17,48,72,,
49,48,75,,
53,48,84,,
61,48,89,,
81,48,93,,
1,48,110,,
69,48,137,,
39,48,154,,
89,48,174,,
67,48,180,,
23,48,182,,
13,48,190,,
29,48,237,,
27,48,241,,
71,48,247,,
25,48,251,,
35,48,267,,
33,48,277,,
43,48,291,,
73,48,303,,
87,48,328,,
31,48,338,,
59,48,386,,
57,48,445,,
15,48,451,,
75,48,459,,
21,48,464,,
47,48,498,,
85,48,635,,
55,48,644,,
7,48,790,,
3,48,863,,
91,48,904,,
41,48,991,,
19,48,994,,
77,48,1479,,
51,48,1483,,
83,48,1513,,
63,48,1622,,
79,48,1791,,
45,48,2665,,
75,49,,,
43,49,,,
69,49,,,
61,49,,,
49,49,,,
107,49,,,
111,49,,,
55,49,,,
3,49,,,
9,49,,,
91,49,,,
63,49,,,
45,49,,,
95,49,,,
21,49,,,
117,49,,,
73,49,,,
105,49,,,
77,49,,,
53,49,,,
87,49,,,
101,49,,,
25,49,,,
17,49,,,
97,49,,,
125,49,,,
15,49,,,
57,49,,,
37,49,,,
51,49,,,
85,49,,,
137,49,11,,
39,49,13,,
79,49,14,,
123,49,14,,
67,49,14,,
129,49,15,,
47,49,15,,
999,49,15,,
33,49,16,,
109,49,17,,
31,49,18,,
71,49,19,,
115,49,19,,
11,49,24,,
27,49,24,,
127,49,26,,
7,49,27,,
83,49,28,,
121,49,29,,
23,49,29,,
41,49,32,,
5,49,33,,
35,49,34,,
19,49,36,,
65,49,54,,
29,49,54,,
135,49,55,,
81,49,57,,
13,49,59,,
93,49,64,,
113,49,82,,
99,49,385,,
103,49,506,,
127,50,29,,
137,50,33,,
135,50,40,,
175,50,55,,
27,50,62,,
169,50,68,,
101,50,76,,
83,50,79,,
171,50,98,,
61,50,101,,
47,50,105,,
75,50,105,,
15,50,118,,
161,50,118,,
23,50,119,,
33,50,121,,
95,50,125,,
181,50,126,,
 ,50,139,,
103,50,139,,
87,50,143,,
39,50,143,,
111,50,144,,
69,50,149,,
51,50,151,,
67,50,152,,
91,50,152,,
131,50,155,,
121,50,158,,
185,50,162,,
153,50,164,,
85,50,164,,
41,50,167,,
115,50,179,,
49,50,191,,
129,50,193,,
97,50,200,,
167,50,200,,
159,50,211,,
5,50,214,,
139,50,222,,
7,50,231,,
187,50,238,,
183,50,242,,
117,50,250,,
71,50,254,,
81,50,283,,
109,50,286,,
17,50,294,,
151,50,294,,
173,50,298,,
123,50,307,,
57,50,310,,
105,50,314,,
53,50,316,,
25,50,322,,
79,50,340,,
133,50,345,,
147,50,371,,
21,50,410,,
99,50,411,,
77,50,413,,
0,50,416,,
55,50,435,,
119,50,535,,
3,50,539,,
113,50,548,,
31,50,554,,
45,50,558,,
59,50,585,,
107,50,618,,
145,50,621,,
19,50,621,,
1,50,635,,
89,50,679,,
141,50,707,,
143,50,710,,
179,50,717,,
43,50,752,,
189,50,754,,
9,50,758,,
165,50,785,,
35,50,789,,
177,50,790,,
73,50,815,,
13,50,829,,
63,50,853,,
29,50,882,,
155,50,1008,,
125,50,1025,,
11,50,1062,,
149,50,1475,,
163,50,2069,,
65,50,2099,,
93,50,3949,,
157,50,4309,,
37,50,4346,,
283,51,,,
205,51,,,
433,51,,,
271,51,,,
327,51,,,
359,51,,,
125,51,,,
105,51,,,
155,51,,,
243,51,,,
383,51,,,
431,51,,,
435,51,,,
95,51,,,
501,51,,,
79,51,,,
411,51,,,
11,51,,,
191,51,,,
229,51,,,
413,51,,,
195,51,,,
109,51,,,
43,51,,,
175,51,,,
369,51,,,
275,51,,,
461,51,,,
103,51,,,
69,51,,,
377,51,,,
447,51,,,
197,51,,,
385,51,,,
445,51,,,
151,51,,,
211,51,,,
31,51,,,
483,51,,,
267,51,,,
247,51,,,
81,51,,,
65,51,,,
319,51,,,
17,51,,,
87,51,,,
129,51,,,
207,51,,,
391,51,,,
305,51,,,
999,51,,,
399,51,,,
107,51,,,
371,51,,,
333,51,,,
357,51,,,
111,51,,,
75,51,,,
505,51,,,
237,51,,,
389,51,,,
465,51,,,
115,51,,,
171,51,,,
437,51,,,
507,51,,,
163,51,,,
153,51,,,
127,51,,,
77,51,,,
475,51,,,
417,51,,,
23,51,,,
117,51,,,
255,51,,,
169,51,,,
463,51,,,
119,51,,,
3,51,,,
159,51,,,
425,51,,,
341,51,,,
47,51,,,
165,51,,,
9,51,,,
161,51,,,
83,51,11,,
177,51,11,,
57,51,11,,
287,51,12,,
307,51,12,,
193,51,12,,
297,51,12,,
15,51,12,,
313,51,13,,
225,51,13,,
259,51,13,,
495,51,13,,
429,51,14,,
93,51,14,,
285,51,14,,
387,51,15,,
289,51,15,,
489,51,15,,
59,51,15,,
405,51,16,,
253,51,16,,
149,51,16,,
395,51,16,,
35,51,17,,
335,51,17,,
131,51,18,,
239,51,19,,
343,51,19,,
219,51,20,,
89,51,20,,
353,51,20,,
281,51,21,,
487,51,21,,
143,51,21,,
323,51,21,,
63,51,22,,
145,51,22,,
403,51,22,,
123,51,23,,
55,51,24,,
379,51,24,,
51,51,24,,
315,51,25,,
427,51,25,,
133,51,25,,
185,51,25,,
503,51,26,,
337,51,27,,
415,51,27,,
279,51,28,,
331,51,28,,
473,51,28,,
19,51,28,,
449,51,29,,
71,51,29,,
397,51,30,,
477,51,31,,
325,51,31,,
299,51,32,,
13,51,32,,
25,51,33,,
227,51,33,,
293,51,34,,
365,51,34,,
481,51,36,,
419,51,36,,
7,51,38,,
223,51,38,,
273,51,39,,
179,51,41,,
455,51,41,,
233,51,42,,
265,51,43,,
53,51,47,,
457,51,49,,
479,51,50,,
189,51,50,,
351,51,50,,
493,51,55,,
49,51,57,,
67,51,58,,
217,51,63,,
209,51,64,,
499,51,65,,
459,51,67,,
467,51,71,,
91,51,72,,
407,51,73,,
249,51,74,,
99,51,76,,
97,51,77,,
1,51,79,,
401,51,81,,
329,51,83,,
147,51,84,,
321,51,86,,
497,51,87,,
187,51,87,,
203,51,93,,
347,51,94,,
135,51,95,,
349,51,102,,
409,51,107,,
363,51,107,,
221,51,108,,
73,51,108,,
471,51,117,,
257,51,123,,
469,51,129,,
441,51,130,,
213,51,131,,
5,51,132,,
199,51,132,,
 ,51,133,,
277,51,135,,
21,51,139,,
381,51,139,,
291,51,140,,
41,51,148,,
241,51,152,,
373,51,161,,
139,51,181,,
423,51,193,,
157,51,200,,
61,51,202,,
451,51,203,,
361,51,209,,
37,51,222,,
183,51,234,,
367,51,244,,
231,51,254,,
85,51,256,,
485,51,264,,
215,51,269,,
491,51,271,,
181,51,282,,
375,51,337,,
309,51,341,,
39,51,342,,
167,51,344,,
141,51,344,,
121,51,346,,
251,51,359,,
303,51,432,,
27,51,464,,
245,51,559,,
339,51,646,,
355,51,692,,
453,51,1111,,
29,51,1961,,
113,51,2841,,
439,51,2866,,
201,51,3240,,
33,52,,,
29,52,,,
55,52,,,
31,52,,,
25,52,13,,
1,52,16,,
15,52,17,,
17,52,19,,
37,52,19,,
23,52,26,,
43,52,26,,
19,52,35,,
47,52,36,,
51,52,42,,
13,52,52,,
7,52,59,,
27,52,61,,
39,52,67,,
999,52,75,,
41,52,86,,
5,52,146,,
45,52,175,,
3,52,188,,
 ,52,215,,
21,52,221,,
53,52,322,,
11,52,466,,
49,52,731,,
57,52,892,,
35,52,2148,,
 ,53,,,
9,53,41,,
13,53,103,,
1,53,123,,
0,53,190,,
17,53,193,,
5,53,206,,
19,53,217,,
25,53,246,,
3,53,260,,
15,53,384,,
21,53,464,,
23,53,484,,
27,53,486,,
11,53,971,,
7,53,1190,,
610,55,,,
775,55,,,
91,55,,,
45,55,,,
17,55,11,,
678,55,12,,
43,55,13,,
103,55,16,,
735,55,18,,
685,55,18,,
115,55,19,,
21,55,21,,
36,55,22,,
157,55,24,,
580,55,24,,
181,55,25,,
 ,55,25,,
830,55,26,,
620,55,26,,
75,55,27,,
595,55,28,,
23,55,31,,
127,55,32,,
183,55,33,,
97,55,35,,
101,55,35,,
81,55,36,,
683,55,38,,
145,55,41,,
159,55,44,,
131,55,44,,
133,55,45,,
570,55,45,,
175,55,45,,
530,55,48,,
119,55,49,,
5,55,50,,
63,55,51,,
99,55,51,,
113,55,51,,
7,55,53,,
111,55,53,,
25,55,53,,
49,55,54,,
149,55,54,,
640,55,56,,
515,55,56,,
720,55,57,,
193,55,62,,
65,55,62,,
57,55,64,,
125,55,66,,
750,55,66,,
630,55,74,,
37,55,76,,
840,55,77,,
199,55,77,,
53,55,80,,
11,55,80,,
1,55,83,,
141,55,85,,
79,55,85,,
107,55,87,,
117,55,92,,
510,55,93,,
13,55,95,,
77,55,101,,
93,55,101,,
163,55,108,,
71,55,109,,
33,55,114,,
29,55,116,,
61,55,117,,
137,55,119,,
135,55,119,,
95,55,121,,
69,55,124,,
73,55,133,,
147,55,134,,
83,55,136,,
109,55,137,,
790,55,138,,
85,55,139,,
179,55,143,,
9,55,143,,
660,55,149,,
35,55,151,,
0,55,151,,
730,55,152,,
197,55,153,,
820,55,162,,
3,55,175,,
670,55,179,,
155,55,183,,
690,55,188,,
27,55,195,,
187,55,198,,
165,55,202,,
540,55,205,,
51,55,210,,
15,55,211,,
167,55,211,,
177,55,222,,
173,55,223,,
161,55,230,,
47,55,233,,
19,55,249,,
139,55,252,,
171,55,255,,
31,55,281,,
121,55,281,,
191,55,284,,
520,55,289,,
800,55,291,,
169,55,296,,
67,55,307,,
185,55,364,,
59,55,365,,
153,55,372,,
143,55,398,,
89,55,404,,
105,55,444,,
550,55,456,,
195,55,494,,
87,55,517,,
650,55,556,,
680,55,593,,
590,55,599,,
740,55,601,,
41,55,623,,
770,55,727,,
810,55,752,,
700,55,840,,
760,55,908,,
710,55,1208,,
23,56,,,
55,56,20,,
69,56,23,,
13,56,27,,
0,56,33,,
 ,56,37,,
43,56,38,,
59,56,43,,
19,56,52,,
1,56,54,,
51,56,79,,
75,56,109,,
37,56,112,,
39,56,117,,
49,56,125,,
17,56,127,,
21,56,182,,
29,56,186,,
47,56,217,,
3,56,225,,
31,56,232,,
71,56,324,,
65,56,332,,
9,56,342,,
7,56,375,,
25,56,456,,
27,56,604,,
41,56,645,,
45,56,660,,
73,56,714,,
15,56,745,,
57,56,753,,
5,56,768,,
67,56,1179,,
77,56,1242,,
35,56,1290,,
11,56,2273,,
61,56,2346,,
63,56,4187,,
33,56,4863,,
53,56,5466,,
 ,57,,,
73,57,15,,
21,57,16,,
71,57,16,,
17,57,16,,
93,57,24,,
63,57,29,,
85,57,30,,
13,57,33,,
105,57,34,,
95,57,37,,
23,57,38,,
41,57,44,,
9,57,48,,
75,57,50,,
91,57,51,,
31,57,54,,
65,57,55,,
57,57,56,,
15,57,57,,
89,57,68,,
7,57,75,,
1,57,77,,
103,57,78,,
27,57,81,,
49,57,81,,
109,57,83,,
97,57,84,,
29,57,84,,
87,57,97,,
67,57,100,,
37,57,117,,
5,57,124,,
77,57,140,,
25,57,144,,
79,57,144,,
0,57,146,,
69,57,175,,
53,57,176,,
59,57,180,,
83,57,183,,
3,57,186,,
43,57,189,,
45,57,195,,
33,57,198,,
61,57,206,,
35,57,210,,
51,57,211,,
19,57,211,,
101,57,221,,
47,57,223,,
81,57,271,,
55,57,304,,
107,57,315,,
99,57,363,,
11,57,686,,
39,57,824,,
999,58,,,
37,58,28,,
91,58,38,,
 ,58,43,,
51,58,44,,
78,58,49,,
65,58,71,,
23,58,76,,
11,58,89,,
41,58,108,,
61,58,119,,
77,58,123,,
7,58,127,,
99,58,130,,
47,58,136,,
121,58,150,,
49,58,159,,
123,58,161,,
29,58,166,,
103,58,166,,
89,58,178,,
53,58,185,,
119,58,193,,
113,58,196,,
129,58,196,,
13,58,203,,
67,58,204,,
15,58,205,,
93,58,212,,
137,58,228,,
45,58,231,,
3,58,237,,
43,58,257,,
107,58,257,,
19,58,275,,
125,58,289,,
81,58,290,,
115,58,291,,
131,58,336,,
21,58,337,,
1,58,342,,
109,58,350,,
95,58,352,,
83,58,356,,
33,58,360,,
5,58,367,,
135,58,384,,
75,58,404,,
69,58,442,,
71,58,444,,
57,58,447,,
85,58,500,,
39,58,502,,
17,58,511,,
127,58,551,,
27,58,570,,
111,58,607,,
55,58,653,,
63,58,659,,
31,58,663,,
133,58,746,,
117,58,753,,
97,58,763,,
139,58,934,,
35,58,940,,
73,58,979,,
87,58,987,,
141,58,1226,,
59,58,1242,,
101,58,1587,,
105,58,2546,,
25,58,2646,,
9,58,2651,,
79,58,10389,,
39,59,,,
19,59,,,
35,59,,,
11,59,,,
45,59,,,
 ,59,,,
23,59,15,,
27,59,18,,
43,59,22,,
31,59,24,,
17,59,26,,
5,59,29,,
3,59,32,,
33,59,49,,
9,59,54,,
29,59,60,,
15,59,67,,
41,59,75,,
1,59,87,,
7,59,155,,
13,59,170,,
37,59,187,,
25,59,418,,
21,59,436,,
